stage,variant,run,kind,lines,operation,frames,changedFrames,copiedUnits,fingerprint,medianUs,p95Us
compact,base,0,rich,1000,open,60,60,0,3858414627,11690,15058
compact,base,0,rich,1000,rebuild-same,60,0,0,3858414627,14522,23170
compact,base,0,rich,1000,rebuild-equal,60,0,0,3858414627,15053,21202
compact,base,0,rich,1000,edit,60,60,0,2284405263,12673,19187
compact,base,0,rich,1000,resize,60,60,0,3858414627,5676,6352
compact,base,0,rich,1000,drag,60,60,0,3831988741,123,144
compact,base,0,rich,1000,copy,60,0,16730,2752129767,159,212
compact,base,1,rich,1000,open,60,60,0,3858414627,11528,14629
compact,base,1,rich,1000,rebuild-same,60,0,0,3858414627,12645,18098
compact,base,1,rich,1000,rebuild-equal,60,0,0,3858414627,12511,16908
compact,base,1,rich,1000,edit,60,60,0,2284405263,12886,19154
compact,base,1,rich,1000,resize,60,60,0,3858414627,5666,6324
compact,base,1,rich,1000,drag,60,60,0,3831988741,123,133
compact,base,1,rich,1000,copy,60,0,16730,2752129767,167,279
compact,base,0,spans,1000,open,60,60,0,2232575019,11266,14404
compact,base,0,spans,1000,rebuild-same,60,0,0,2232575019,12766,17896
compact,base,0,spans,1000,rebuild-equal,60,0,0,2232575019,13340,18438
compact,base,0,spans,1000,edit,60,60,0,4052510319,13073,18049
compact,base,0,spans,1000,resize,60,60,0,2232575019,5711,6313
compact,base,0,spans,1000,drag,60,60,0,2618650863,123,143
compact,base,0,spans,1000,copy,60,0,16730,619799109,160,224
compact,base,1,spans,1000,open,60,60,0,2232575019,11232,13545
compact,base,1,spans,1000,rebuild-same,60,0,0,2232575019,12978,17316
compact,base,1,spans,1000,rebuild-equal,60,0,0,2232575019,12703,18170
compact,base,1,spans,1000,edit,60,60,0,4052510319,12697,17651
compact,base,1,spans,1000,resize,60,60,0,2232575019,5770,6200
compact,base,1,spans,1000,drag,60,60,0,2618650863,123,254
compact,base,1,spans,1000,copy,60,0,16730,619799109,159,276
compact,base,0,plain,1000,open,60,60,0,1830451483,2768,2946
compact,base,0,plain,1000,rebuild-same,60,0,0,1830451483,80,102
compact,base,0,plain,1000,rebuild-equal,60,0,0,1830451483,79,83
compact,base,0,plain,1000,edit,60,60,0,37686951,2808,3012
compact,base,0,plain,1000,resize,60,60,0,1830451483,1992,2196
compact,base,0,plain,1000,drag,60,60,0,1797951353,106,131
compact,base,0,plain,1000,copy,60,0,16730,4053437227,143,195
compact,base,1,plain,1000,open,60,60,0,1830451483,2888,3071
compact,base,1,plain,1000,rebuild-same,60,0,0,1830451483,79,114
compact,base,1,plain,1000,rebuild-equal,60,0,0,1830451483,81,103
compact,base,1,plain,1000,edit,60,60,0,37686951,2817,3065
compact,base,1,plain,1000,resize,60,60,0,1830451483,1956,2149
compact,base,1,plain,1000,drag,60,60,0,1797951353,105,113
compact,base,1,plain,1000,copy,60,0,16730,4053437227,141,161
compact,compact,0,rich,1000,open,60,60,0,3858414627,10225,11925
compact,compact,0,rich,1000,rebuild-same,60,0,0,3858414627,11270,13949
compact,compact,0,rich,1000,rebuild-equal,60,0,0,3858414627,12881,32614
compact,compact,0,rich,1000,edit,60,60,0,2284405263,18833,38347
compact,compact,0,rich,1000,resize,60,60,0,3858414627,6133,6644
compact,compact,0,rich,1000,drag,60,60,0,3831988741,127,132
compact,compact,0,rich,1000,copy,60,0,16730,2752129767,162,194
compact,compact,1,rich,1000,open,60,60,0,3858414627,10152,11791
compact,compact,1,rich,1000,rebuild-same,60,0,0,3858414627,11067,13508
compact,compact,1,rich,1000,rebuild-equal,60,0,0,3858414627,10956,13283
compact,compact,1,rich,1000,edit,60,60,0,2284405263,10955,14544
compact,compact,1,rich,1000,resize,60,60,0,3858414627,6001,6565
compact,compact,1,rich,1000,drag,60,60,0,3831988741,125,145
compact,compact,1,rich,1000,copy,60,0,16730,2752129767,162,178
compact,compact,0,spans,1000,open,60,60,0,2232575019,10055,11718
compact,compact,0,spans,1000,rebuild-same,60,0,0,2232575019,10864,14418
compact,compact,0,spans,1000,rebuild-equal,60,0,0,2232575019,10732,14881
compact,compact,0,spans,1000,edit,60,60,0,4052510319,10771,15319
compact,compact,0,spans,1000,resize,60,60,0,2232575019,5749,6228
compact,compact,0,spans,1000,drag,60,60,0,2618650863,123,137
compact,compact,0,spans,1000,copy,60,0,16730,619799109,159,277
compact,compact,1,spans,1000,open,60,60,0,2232575019,10479,12051
compact,compact,1,spans,1000,rebuild-same,60,0,0,2232575019,10845,14914
compact,compact,1,spans,1000,rebuild-equal,60,0,0,2232575019,10800,13678
compact,compact,1,spans,1000,edit,60,60,0,4052510319,10660,14672
compact,compact,1,spans,1000,resize,60,60,0,2232575019,5862,6283
compact,compact,1,spans,1000,drag,60,60,0,2618650863,123,145
compact,compact,1,spans,1000,copy,60,0,16730,619799109,155,190
compact,compact,0,plain,1000,open,60,60,0,1830451483,2828,3054
compact,compact,0,plain,1000,rebuild-same,60,0,0,1830451483,77,89
compact,compact,0,plain,1000,rebuild-equal,60,0,0,1830451483,78,118
compact,compact,0,plain,1000,edit,60,60,0,37686951,2820,3095
compact,compact,0,plain,1000,resize,60,60,0,1830451483,1946,2183
compact,compact,0,plain,1000,drag,60,60,0,1797951353,102,116
compact,compact,0,plain,1000,copy,60,0,16730,4053437227,145,169
compact,compact,1,plain,1000,open,60,60,0,1830451483,2793,3034
compact,compact,1,plain,1000,rebuild-same,60,0,0,1830451483,81,104
compact,compact,1,plain,1000,rebuild-equal,60,0,0,1830451483,79,86
compact,compact,1,plain,1000,edit,60,60,0,37686951,2853,3124
compact,compact,1,plain,1000,resize,60,60,0,1830451483,2034,2241
compact,compact,1,plain,1000,drag,60,60,0,1797951353,108,135
compact,compact,1,plain,1000,copy,60,0,16730,4053437227,140,180
runs,compact,0,rich,1000,open,60,60,0,3858414627,11032,12440
runs,compact,0,rich,1000,rebuild-same,60,0,0,3858414627,11889,14926
runs,compact,0,rich,1000,rebuild-equal,60,0,0,3858414627,12027,14624
runs,compact,0,rich,1000,edit,60,60,0,2284405263,11957,15267
runs,compact,0,rich,1000,resize,60,60,0,3858414627,6281,7242
runs,compact,0,rich,1000,drag,60,60,0,3831988741,139,181
runs,compact,0,rich,1000,copy,60,0,16730,2752129767,180,213
runs,compact,1,rich,1000,open,60,60,0,3858414627,10641,12548
runs,compact,1,rich,1000,rebuild-same,60,0,0,3858414627,11830,14770
runs,compact,1,rich,1000,rebuild-equal,60,0,0,3858414627,11069,14971
runs,compact,1,rich,1000,edit,60,60,0,2284405263,11043,15886
runs,compact,1,rich,1000,resize,60,60,0,3858414627,6326,20777
runs,compact,1,rich,1000,drag,60,60,0,3831988741,126,146
runs,compact,1,rich,1000,copy,60,0,16730,2752129767,163,197
runs,compact,0,spans,1000,open,60,60,0,2232575019,10220,12011
runs,compact,0,spans,1000,rebuild-same,60,0,0,2232575019,11374,15101
runs,compact,0,spans,1000,rebuild-equal,60,0,0,2232575019,10754,15100
runs,compact,0,spans,1000,edit,60,60,0,4052510319,11735,15545
runs,compact,0,spans,1000,resize,60,60,0,2232575019,6121,6694
runs,compact,0,spans,1000,drag,60,60,0,2618650863,148,423
runs,compact,0,spans,1000,copy,60,0,16730,619799109,175,422
runs,compact,1,spans,1000,open,60,60,0,2232575019,10808,12685
runs,compact,1,spans,1000,rebuild-same,60,0,0,2232575019,11542,16007
runs,compact,1,spans,1000,rebuild-equal,60,0,0,2232575019,11340,15199
runs,compact,1,spans,1000,edit,60,60,0,4052510319,11588,14719
runs,compact,1,spans,1000,resize,60,60,0,2232575019,5936,6680
runs,compact,1,spans,1000,drag,60,60,0,2618650863,124,142
runs,compact,1,spans,1000,copy,60,0,16730,619799109,173,399
runs,compact,0,plain,1000,open,60,60,0,1830451483,3033,3306
runs,compact,0,plain,1000,rebuild-same,60,0,0,1830451483,78,85
runs,compact,0,plain,1000,rebuild-equal,60,0,0,1830451483,85,114
runs,compact,0,plain,1000,edit,60,60,0,37686951,2886,3156
runs,compact,0,plain,1000,resize,60,60,0,1830451483,2036,2295
runs,compact,0,plain,1000,drag,60,60,0,1797951353,108,129
runs,compact,0,plain,1000,copy,60,0,16730,4053437227,159,243
runs,compact,1,plain,1000,open,60,60,0,1830451483,2946,3304
runs,compact,1,plain,1000,rebuild-same,60,0,0,1830451483,85,98
runs,compact,1,plain,1000,rebuild-equal,60,0,0,1830451483,81,93
runs,compact,1,plain,1000,edit,60,60,0,37686951,2953,3163
runs,compact,1,plain,1000,resize,60,60,0,1830451483,2062,2278
runs,compact,1,plain,1000,drag,60,60,0,1797951353,106,118
runs,compact,1,plain,1000,copy,60,0,16730,4053437227,144,168
runs,runs,0,rich,1000,open,60,60,0,3858414627,10723,12701
runs,runs,0,rich,1000,rebuild-same,60,0,0,3858414627,106,134
runs,runs,0,rich,1000,rebuild-equal,60,0,0,3858414627,107,124
runs,runs,0,rich,1000,edit,60,60,0,2284405263,11267,13591
runs,runs,0,rich,1000,resize,60,60,0,3858414627,5894,6862
runs,runs,0,rich,1000,drag,60,60,0,3831988741,124,140
runs,runs,0,rich,1000,copy,60,0,16730,2752129767,182,208
runs,runs,1,rich,1000,open,60,60,0,3858414627,10002,11784
runs,runs,1,rich,1000,rebuild-same,60,0,0,3858414627,101,128
runs,runs,1,rich,1000,rebuild-equal,60,0,0,3858414627,103,124
runs,runs,1,rich,1000,edit,60,60,0,2284405263,10894,13791
runs,runs,1,rich,1000,resize,60,60,0,3858414627,5793,6401
runs,runs,1,rich,1000,drag,60,60,0,3831988741,123,135
runs,runs,1,rich,1000,copy,60,0,16730,2752129767,160,278
runs,runs,0,spans,1000,open,60,60,0,2232575019,11214,13247
runs,runs,0,spans,1000,rebuild-same,60,0,0,2232575019,141,150
runs,runs,0,spans,1000,rebuild-equal,60,0,0,2232575019,152,561
runs,runs,0,spans,1000,edit,60,60,0,4052510319,11735,15016
runs,runs,0,spans,1000,resize,60,60,0,2232575019,6154,6711
runs,runs,0,spans,1000,drag,60,60,0,2618650863,130,159
runs,runs,0,spans,1000,copy,60,0,16730,619799109,173,220
runs,runs,1,spans,1000,open,60,60,0,2232575019,10789,12950
runs,runs,1,spans,1000,rebuild-same,60,0,0,2232575019,130,225
runs,runs,1,spans,1000,rebuild-equal,60,0,0,2232575019,137,209
runs,runs,1,spans,1000,edit,60,60,0,4052510319,12439,18060
runs,runs,1,spans,1000,resize,60,60,0,2232575019,6004,6579
runs,runs,1,spans,1000,drag,60,60,0,2618650863,125,148
runs,runs,1,spans,1000,copy,60,0,16730,619799109,159,177
runs,runs,0,plain,1000,open,60,60,0,1830451483,2975,3317
runs,runs,0,plain,1000,rebuild-same,60,0,0,1830451483,79,95
runs,runs,0,plain,1000,rebuild-equal,60,0,0,1830451483,77,107
runs,runs,0,plain,1000,edit,60,60,0,37686951,2772,2990
runs,runs,0,plain,1000,resize,60,60,0,1830451483,1964,2170
runs,runs,0,plain,1000,drag,60,60,0,1797951353,103,110
runs,runs,0,plain,1000,copy,60,0,16730,4053437227,139,177
runs,runs,1,plain,1000,open,60,60,0,1830451483,2965,3144
runs,runs,1,plain,1000,rebuild-same,60,0,0,1830451483,86,110
runs,runs,1,plain,1000,rebuild-equal,60,0,0,1830451483,82,98
runs,runs,1,plain,1000,edit,60,60,0,37686951,2902,3168
runs,runs,1,plain,1000,resize,60,60,0,1830451483,2042,2273
runs,runs,1,plain,1000,drag,60,60,0,1797951353,114,144
runs,runs,1,plain,1000,copy,60,0,16730,4053437227,143,161
hash-sharing-trial,runs,0,rich,1000,open,60,60,0,3858414627,10017,11896
hash-sharing-trial,runs,0,rich,1000,rebuild-same,60,0,0,3858414627,102,119
hash-sharing-trial,runs,0,rich,1000,rebuild-equal,60,0,0,3858414627,98,122
hash-sharing-trial,runs,0,rich,1000,edit,60,60,0,2284405263,10962,14233
hash-sharing-trial,runs,0,rich,1000,resize,60,60,0,3858414627,5739,6297
hash-sharing-trial,runs,0,rich,1000,drag,60,60,0,3831988741,126,144
hash-sharing-trial,runs,0,rich,1000,copy,60,0,16730,2752129767,162,236
hash-sharing-trial,runs,1,rich,1000,open,60,60,0,3858414627,10399,12004
hash-sharing-trial,runs,1,rich,1000,rebuild-same,60,0,0,3858414627,96,123
hash-sharing-trial,runs,1,rich,1000,rebuild-equal,60,0,0,3858414627,98,123
hash-sharing-trial,runs,1,rich,1000,edit,60,60,0,2284405263,11024,13246
hash-sharing-trial,runs,1,rich,1000,resize,60,60,0,3858414627,5788,6390
hash-sharing-trial,runs,1,rich,1000,drag,60,60,0,3831988741,124,131
hash-sharing-trial,runs,1,rich,1000,copy,60,0,16730,2752129767,161,265
hash-sharing-trial,runs,0,spans,1000,open,60,60,0,2232575019,10288,11779
hash-sharing-trial,runs,0,spans,1000,rebuild-same,60,0,0,2232575019,131,165
hash-sharing-trial,runs,0,spans,1000,rebuild-equal,60,0,0,2232575019,136,176
hash-sharing-trial,runs,0,spans,1000,edit,60,60,0,4052510319,10584,13880
hash-sharing-trial,runs,0,spans,1000,resize,60,60,0,2232575019,5785,6382
hash-sharing-trial,runs,0,spans,1000,drag,60,60,0,2618650863,125,145
hash-sharing-trial,runs,0,spans,1000,copy,60,0,16730,619799109,155,172
hash-sharing-trial,runs,1,spans,1000,open,60,60,0,2232575019,10209,11781
hash-sharing-trial,runs,1,spans,1000,rebuild-same,60,0,0,2232575019,131,151
hash-sharing-trial,runs,1,spans,1000,rebuild-equal,60,0,0,2232575019,140,295
hash-sharing-trial,runs,1,spans,1000,edit,60,60,0,4052510319,10746,14559
hash-sharing-trial,runs,1,spans,1000,resize,60,60,0,2232575019,5721,6339
hash-sharing-trial,runs,1,spans,1000,drag,60,60,0,2618650863,124,137
hash-sharing-trial,runs,1,spans,1000,copy,60,0,16730,619799109,158,202
hash-sharing-trial,runs,0,plain,1000,open,60,60,0,1830451483,2782,2979
hash-sharing-trial,runs,0,plain,1000,rebuild-same,60,0,0,1830451483,77,102
hash-sharing-trial,runs,0,plain,1000,rebuild-equal,60,0,0,1830451483,79,90
hash-sharing-trial,runs,0,plain,1000,edit,60,60,0,37686951,2786,3053
hash-sharing-trial,runs,0,plain,1000,resize,60,60,0,1830451483,1949,2140
hash-sharing-trial,runs,0,plain,1000,drag,60,60,0,1797951353,103,116
hash-sharing-trial,runs,0,plain,1000,copy,60,0,16730,4053437227,142,153
hash-sharing-trial,runs,1,plain,1000,open,60,60,0,1830451483,2857,3116
hash-sharing-trial,runs,1,plain,1000,rebuild-same,60,0,0,1830451483,80,108
hash-sharing-trial,runs,1,plain,1000,rebuild-equal,60,0,0,1830451483,78,79
hash-sharing-trial,runs,1,plain,1000,edit,60,60,0,37686951,2773,2960
hash-sharing-trial,runs,1,plain,1000,resize,60,60,0,1830451483,1970,2184
hash-sharing-trial,runs,1,plain,1000,drag,60,60,0,1797951353,106,111
hash-sharing-trial,runs,1,plain,1000,copy,60,0,16730,4053437227,138,148
hash-sharing-trial,sharing,0,rich,1000,open,60,60,0,3858414627,9352,11472
hash-sharing-trial,sharing,0,rich,1000,rebuild-same,60,0,0,3858414627,97,102
hash-sharing-trial,sharing,0,rich,1000,rebuild-equal,60,0,0,3858414627,99,112
hash-sharing-trial,sharing,0,rich,1000,edit,60,60,0,2284405263,9750,11823
hash-sharing-trial,sharing,0,rich,1000,resize,60,60,0,3858414627,5709,6279
hash-sharing-trial,sharing,0,rich,1000,drag,60,60,0,3831988741,124,131
hash-sharing-trial,sharing,0,rich,1000,copy,60,0,16730,2752129767,159,174
hash-sharing-trial,sharing,1,rich,1000,open,60,60,0,3858414627,9624,11641
hash-sharing-trial,sharing,1,rich,1000,rebuild-same,60,0,0,3858414627,97,100
hash-sharing-trial,sharing,1,rich,1000,rebuild-equal,60,0,0,3858414627,96,110
hash-sharing-trial,sharing,1,rich,1000,edit,60,60,0,2284405263,9967,11648
hash-sharing-trial,sharing,1,rich,1000,resize,60,60,0,3858414627,5664,6275
hash-sharing-trial,sharing,1,rich,1000,drag,60,60,0,3831988741,123,146
hash-sharing-trial,sharing,1,rich,1000,copy,60,0,16730,2752129767,163,226
hash-sharing-trial,sharing,0,spans,1000,open,60,60,0,2232575019,11384,13293
hash-sharing-trial,sharing,0,spans,1000,rebuild-same,60,0,0,2232575019,128,154
hash-sharing-trial,sharing,0,spans,1000,rebuild-equal,60,0,0,2232575019,136,269
hash-sharing-trial,sharing,0,spans,1000,edit,60,60,0,4052510319,11664,13375
hash-sharing-trial,sharing,0,spans,1000,resize,60,60,0,2232575019,5717,6350
hash-sharing-trial,sharing,0,spans,1000,drag,60,60,0,2618650863,122,141
hash-sharing-trial,sharing,0,spans,1000,copy,60,0,16730,619799109,159,315
hash-sharing-trial,sharing,1,spans,1000,open,60,60,0,2232575019,11185,12299
hash-sharing-trial,sharing,1,spans,1000,rebuild-same,60,0,0,2232575019,130,191
hash-sharing-trial,sharing,1,spans,1000,rebuild-equal,60,0,0,2232575019,143,215
hash-sharing-trial,sharing,1,spans,1000,edit,60,60,0,4052510319,11658,13424
hash-sharing-trial,sharing,1,spans,1000,resize,60,60,0,2232575019,5746,6311
hash-sharing-trial,sharing,1,spans,1000,drag,60,60,0,2618650863,123,162
hash-sharing-trial,sharing,1,spans,1000,copy,60,0,16730,619799109,161,272
hash-sharing-trial,sharing,0,plain,1000,open,60,60,0,1830451483,2852,3156
hash-sharing-trial,sharing,0,plain,1000,rebuild-same,60,0,0,1830451483,78,78
hash-sharing-trial,sharing,0,plain,1000,rebuild-equal,60,0,0,1830451483,76,79
hash-sharing-trial,sharing,0,plain,1000,edit,60,60,0,37686951,2766,3012
hash-sharing-trial,sharing,0,plain,1000,resize,60,60,0,1830451483,2003,2160
hash-sharing-trial,sharing,0,plain,1000,drag,60,60,0,1797951353,105,134
hash-sharing-trial,sharing,0,plain,1000,copy,60,0,16730,4053437227,137,151
hash-sharing-trial,sharing,1,plain,1000,open,60,60,0,1830451483,2862,3495
hash-sharing-trial,sharing,1,plain,1000,rebuild-same,60,0,0,1830451483,79,110
hash-sharing-trial,sharing,1,plain,1000,rebuild-equal,60,0,0,1830451483,81,87
hash-sharing-trial,sharing,1,plain,1000,edit,60,60,0,37686951,2811,2995
hash-sharing-trial,sharing,1,plain,1000,resize,60,60,0,1830451483,1954,2140
hash-sharing-trial,sharing,1,plain,1000,drag,60,60,0,1797951353,104,124
hash-sharing-trial,sharing,1,plain,1000,copy,60,0,16730,4053437227,138,160
ascii-sharing,runs,0,rich,1000,open,60,60,0,3858414627,10520,12488
ascii-sharing,runs,0,rich,1000,rebuild-same,60,0,0,3858414627,100,106
ascii-sharing,runs,0,rich,1000,rebuild-equal,60,0,0,3858414627,105,118
ascii-sharing,runs,0,rich,1000,edit,60,60,0,2284405263,11807,14992
ascii-sharing,runs,0,rich,1000,resize,60,60,0,3858414627,6114,6739
ascii-sharing,runs,0,rich,1000,drag,60,60,0,3831988741,135,163
ascii-sharing,runs,0,rich,1000,copy,60,0,16730,2752129767,161,185
ascii-sharing,runs,1,rich,1000,open,60,60,0,3858414627,10398,12347
ascii-sharing,runs,1,rich,1000,rebuild-same,60,0,0,3858414627,98,114
ascii-sharing,runs,1,rich,1000,rebuild-equal,60,0,0,3858414627,106,122
ascii-sharing,runs,1,rich,1000,edit,60,60,0,2284405263,11210,13798
ascii-sharing,runs,1,rich,1000,resize,60,60,0,3858414627,6077,6623
ascii-sharing,runs,1,rich,1000,drag,60,60,0,3831988741,127,147
ascii-sharing,runs,1,rich,1000,copy,60,0,16730,2752129767,176,209
ascii-sharing,runs,0,spans,1000,open,60,60,0,2232575019,10648,11868
ascii-sharing,runs,0,spans,1000,rebuild-same,60,0,0,2232575019,140,180
ascii-sharing,runs,0,spans,1000,rebuild-equal,60,0,0,2232575019,144,170
ascii-sharing,runs,0,spans,1000,edit,60,60,0,4052510319,11439,15670
ascii-sharing,runs,0,spans,1000,resize,60,60,0,2232575019,5992,6625
ascii-sharing,runs,0,spans,1000,drag,60,60,0,2618650863,123,134
ascii-sharing,runs,0,spans,1000,copy,60,0,16730,619799109,157,189
ascii-sharing,runs,1,spans,1000,open,60,60,0,2232575019,10572,12454
ascii-sharing,runs,1,spans,1000,rebuild-same,60,0,0,2232575019,130,138
ascii-sharing,runs,1,spans,1000,rebuild-equal,60,0,0,2232575019,149,155
ascii-sharing,runs,1,spans,1000,edit,60,60,0,4052510319,10985,15204
ascii-sharing,runs,1,spans,1000,resize,60,60,0,2232575019,5903,6481
ascii-sharing,runs,1,spans,1000,drag,60,60,0,2618650863,134,141
ascii-sharing,runs,1,spans,1000,copy,60,0,16730,619799109,168,203
ascii-sharing,runs,0,plain,1000,open,60,60,0,1830451483,2766,3063
ascii-sharing,runs,0,plain,1000,rebuild-same,60,0,0,1830451483,83,93
ascii-sharing,runs,0,plain,1000,rebuild-equal,60,0,0,1830451483,79,88
ascii-sharing,runs,0,plain,1000,edit,60,60,0,37686951,2876,3097
ascii-sharing,runs,0,plain,1000,resize,60,60,0,1830451483,2056,2286
ascii-sharing,runs,0,plain,1000,drag,60,60,0,1797951353,104,114
ascii-sharing,runs,0,plain,1000,copy,60,0,16730,4053437227,145,174
ascii-sharing,runs,1,plain,1000,open,60,60,0,1830451483,2902,3170
ascii-sharing,runs,1,plain,1000,rebuild-same,60,0,0,1830451483,85,96
ascii-sharing,runs,1,plain,1000,rebuild-equal,60,0,0,1830451483,86,99
ascii-sharing,runs,1,plain,1000,edit,60,60,0,37686951,2945,3146
ascii-sharing,runs,1,plain,1000,resize,60,60,0,1830451483,2024,2209
ascii-sharing,runs,1,plain,1000,drag,60,60,0,1797951353,111,131
ascii-sharing,runs,1,plain,1000,copy,60,0,16730,4053437227,151,169
ascii-sharing,ascii,0,rich,1000,open,60,60,0,3858414627,9336,11186
ascii-sharing,ascii,0,rich,1000,rebuild-same,60,0,0,3858414627,96,100
ascii-sharing,ascii,0,rich,1000,rebuild-equal,60,0,0,3858414627,105,117
ascii-sharing,ascii,0,rich,1000,edit,60,60,0,2284405263,9372,11283
ascii-sharing,ascii,0,rich,1000,resize,60,60,0,3858414627,6097,6602
ascii-sharing,ascii,0,rich,1000,drag,60,60,0,3831988741,136,151
ascii-sharing,ascii,0,rich,1000,copy,60,0,16730,2752129767,159,199
ascii-sharing,ascii,1,rich,1000,open,60,60,0,3858414627,9354,11813
ascii-sharing,ascii,1,rich,1000,rebuild-same,60,0,0,3858414627,100,106
ascii-sharing,ascii,1,rich,1000,rebuild-equal,60,0,0,3858414627,107,125
ascii-sharing,ascii,1,rich,1000,edit,60,60,0,2284405263,9453,12552
ascii-sharing,ascii,1,rich,1000,resize,60,60,0,3858414627,6043,6621
ascii-sharing,ascii,1,rich,1000,drag,60,60,0,3831988741,133,167
ascii-sharing,ascii,1,rich,1000,copy,60,0,16730,2752129767,163,207
ascii-sharing,ascii,0,spans,1000,open,60,60,0,2232575019,10073,11263
ascii-sharing,ascii,0,spans,1000,rebuild-same,60,0,0,2232575019,134,208
ascii-sharing,ascii,0,spans,1000,rebuild-equal,60,0,0,2232575019,141,183
ascii-sharing,ascii,0,spans,1000,edit,60,60,0,4052510319,9899,11597
ascii-sharing,ascii,0,spans,1000,resize,60,60,0,2232575019,5846,6282
ascii-sharing,ascii,0,spans,1000,drag,60,60,0,2618650863,124,132
ascii-sharing,ascii,0,spans,1000,copy,60,0,16730,619799109,161,244
ascii-sharing,ascii,1,spans,1000,open,60,60,0,2232575019,9924,11293
ascii-sharing,ascii,1,spans,1000,rebuild-same,60,0,0,2232575019,131,217
ascii-sharing,ascii,1,spans,1000,rebuild-equal,60,0,0,2232575019,145,157
ascii-sharing,ascii,1,spans,1000,edit,60,60,0,4052510319,10443,11942
ascii-sharing,ascii,1,spans,1000,resize,60,60,0,2232575019,5948,6503
ascii-sharing,ascii,1,spans,1000,drag,60,60,0,2618650863,131,143
ascii-sharing,ascii,1,spans,1000,copy,60,0,16730,619799109,173,259
ascii-sharing,ascii,0,plain,1000,open,60,60,0,1830451483,2876,3055
ascii-sharing,ascii,0,plain,1000,rebuild-same,60,0,0,1830451483,82,96
ascii-sharing,ascii,0,plain,1000,rebuild-equal,60,0,0,1830451483,77,93
ascii-sharing,ascii,0,plain,1000,edit,60,60,0,37686951,2911,3084
ascii-sharing,ascii,0,plain,1000,resize,60,60,0,1830451483,2039,2243
ascii-sharing,ascii,0,plain,1000,drag,60,60,0,1797951353,102,115
ascii-sharing,ascii,0,plain,1000,copy,60,0,16730,4053437227,139,164
ascii-sharing,ascii,1,plain,1000,open,60,60,0,1830451483,2928,3086
ascii-sharing,ascii,1,plain,1000,rebuild-same,60,0,0,1830451483,77,85
ascii-sharing,ascii,1,plain,1000,rebuild-equal,60,0,0,1830451483,84,90
ascii-sharing,ascii,1,plain,1000,edit,60,60,0,37686951,2963,3172
ascii-sharing,ascii,1,plain,1000,resize,60,60,0,1830451483,2101,2258
ascii-sharing,ascii,1,plain,1000,drag,60,60,0,1797951353,106,110
ascii-sharing,ascii,1,plain,1000,copy,60,0,16730,4053437227,154,180
wrap,ascii,0,rich,1000,open,60,60,0,3858414627,8754,11036
wrap,ascii,0,rich,1000,rebuild-same,60,0,0,3858414627,96,103
wrap,ascii,0,rich,1000,rebuild-equal,60,0,0,3858414627,97,104
wrap,ascii,0,rich,1000,edit,60,60,0,2284405263,8823,11296
wrap,ascii,0,rich,1000,resize,60,60,0,3858414627,5642,6128
wrap,ascii,0,rich,1000,drag,60,60,0,3831988741,123,135
wrap,ascii,0,rich,1000,copy,60,0,16730,2752129767,160,193
wrap,ascii,1,rich,1000,open,60,60,0,3858414627,8778,10242
wrap,ascii,1,rich,1000,rebuild-same,60,0,0,3858414627,100,102
wrap,ascii,1,rich,1000,rebuild-equal,60,0,0,3858414627,99,105
wrap,ascii,1,rich,1000,edit,60,60,0,2284405263,9160,11658
wrap,ascii,1,rich,1000,resize,60,60,0,3858414627,5713,6230
wrap,ascii,1,rich,1000,drag,60,60,0,3831988741,127,138
wrap,ascii,1,rich,1000,copy,60,0,16730,2752129767,168,186
wrap,ascii,0,spans,1000,open,60,60,0,2232575019,9575,10623
wrap,ascii,0,spans,1000,rebuild-same,60,0,0,2232575019,128,204
wrap,ascii,0,spans,1000,rebuild-equal,60,0,0,2232575019,139,155
wrap,ascii,0,spans,1000,edit,60,60,0,4052510319,9792,11305
wrap,ascii,0,spans,1000,resize,60,60,0,2232575019,5671,6252
wrap,ascii,0,spans,1000,drag,60,60,0,2618650863,124,127
wrap,ascii,0,spans,1000,copy,60,0,16730,619799109,159,186
wrap,ascii,1,spans,1000,open,60,60,0,2232575019,9731,10676
wrap,ascii,1,spans,1000,rebuild-same,60,0,0,2232575019,134,159
wrap,ascii,1,spans,1000,rebuild-equal,60,0,0,2232575019,141,149
wrap,ascii,1,spans,1000,edit,60,60,0,4052510319,9819,11297
wrap,ascii,1,spans,1000,resize,60,60,0,2232575019,5656,6206
wrap,ascii,1,spans,1000,drag,60,60,0,2618650863,123,133
wrap,ascii,1,spans,1000,copy,60,0,16730,619799109,159,221
wrap,ascii,0,plain,1000,open,60,60,0,1830451483,2764,2945
wrap,ascii,0,plain,1000,rebuild-same,60,0,0,1830451483,76,82
wrap,ascii,0,plain,1000,rebuild-equal,60,0,0,1830451483,80,85
wrap,ascii,0,plain,1000,edit,60,60,0,37686951,2724,2926
wrap,ascii,0,plain,1000,resize,60,60,0,1830451483,1947,2060
wrap,ascii,0,plain,1000,drag,60,60,0,1797951353,103,122
wrap,ascii,0,plain,1000,copy,60,0,16730,4053437227,142,149
wrap,ascii,1,plain,1000,open,60,60,0,1830451483,2761,3051
wrap,ascii,1,plain,1000,rebuild-same,60,0,0,1830451483,76,93
wrap,ascii,1,plain,1000,rebuild-equal,60,0,0,1830451483,76,79
wrap,ascii,1,plain,1000,edit,60,60,0,37686951,2771,2878
wrap,ascii,1,plain,1000,resize,60,60,0,1830451483,1977,2096
wrap,ascii,1,plain,1000,drag,60,60,0,1797951353,102,109
wrap,ascii,1,plain,1000,copy,60,0,16730,4053437227,140,158
wrap,wrap,0,rich,1000,open,60,60,0,3858414627,7022,9011
wrap,wrap,0,rich,1000,rebuild-same,60,0,0,3858414627,97,116
wrap,wrap,0,rich,1000,rebuild-equal,60,0,0,3858414627,101,113
wrap,wrap,0,rich,1000,edit,60,60,0,2284405263,6984,9119
wrap,wrap,0,rich,1000,resize,60,60,0,3858414627,3848,4361
wrap,wrap,0,rich,1000,drag,60,60,0,3831988741,122,133
wrap,wrap,0,rich,1000,copy,60,0,16730,2752129767,157,166
wrap,wrap,1,rich,1000,open,60,60,0,3858414627,7057,8372
wrap,wrap,1,rich,1000,rebuild-same,60,0,0,3858414627,95,104
wrap,wrap,1,rich,1000,rebuild-equal,60,0,0,3858414627,96,103
wrap,wrap,1,rich,1000,edit,60,60,0,2284405263,6989,8242
wrap,wrap,1,rich,1000,resize,60,60,0,3858414627,3837,4342
wrap,wrap,1,rich,1000,drag,60,60,0,3831988741,122,136
wrap,wrap,1,rich,1000,copy,60,0,16730,2752129767,157,165
wrap,wrap,0,spans,1000,open,60,60,0,2232575019,7591,8755
wrap,wrap,0,spans,1000,rebuild-same,60,0,0,2232575019,127,142
wrap,wrap,0,spans,1000,rebuild-equal,60,0,0,2232575019,140,157
wrap,wrap,0,spans,1000,edit,60,60,0,4052510319,7977,9339
wrap,wrap,0,spans,1000,resize,60,60,0,2232575019,3958,4409
wrap,wrap,0,spans,1000,drag,60,60,0,2618650863,130,132
wrap,wrap,0,spans,1000,copy,60,0,16730,619799109,167,230
wrap,wrap,1,spans,1000,open,60,60,0,2232575019,7626,8485
wrap,wrap,1,spans,1000,rebuild-same,60,0,0,2232575019,129,137
wrap,wrap,1,spans,1000,rebuild-equal,60,0,0,2232575019,136,145
wrap,wrap,1,spans,1000,edit,60,60,0,4052510319,7801,9218
wrap,wrap,1,spans,1000,resize,60,60,0,2232575019,3852,4282
wrap,wrap,1,spans,1000,drag,60,60,0,2618650863,123,137
wrap,wrap,1,spans,1000,copy,60,0,16730,619799109,162,175
wrap,wrap,0,plain,1000,open,60,60,0,1830451483,2759,2911
wrap,wrap,0,plain,1000,rebuild-same,60,0,0,1830451483,77,85
wrap,wrap,0,plain,1000,rebuild-equal,60,0,0,1830451483,77,88
wrap,wrap,0,plain,1000,edit,60,60,0,37686951,2734,3000
wrap,wrap,0,plain,1000,resize,60,60,0,1830451483,1939,2103
wrap,wrap,0,plain,1000,drag,60,60,0,1797951353,105,119
wrap,wrap,0,plain,1000,copy,60,0,16730,4053437227,143,151
wrap,wrap,1,plain,1000,open,60,60,0,1830451483,2795,2950
wrap,wrap,1,plain,1000,rebuild-same,60,0,0,1830451483,82,98
wrap,wrap,1,plain,1000,rebuild-equal,60,0,0,1830451483,82,94
wrap,wrap,1,plain,1000,edit,60,60,0,37686951,2749,2907
wrap,wrap,1,plain,1000,resize,60,60,0,1830451483,1951,2073
wrap,wrap,1,plain,1000,drag,60,60,0,1797951353,106,112
wrap,wrap,1,plain,1000,copy,60,0,16730,4053437227,139,153
copy,wrap,0,rich,1000,open,20,20,0,3858414627,7664,9397
copy,wrap,0,rich,1000,rebuild-same,20,0,0,3858414627,103,105
copy,wrap,0,rich,1000,rebuild-equal,20,0,0,3858414627,103,127
copy,wrap,0,rich,1000,edit,20,20,0,2284405263,7292,9887
copy,wrap,0,rich,1000,resize,20,20,0,3858414627,4031,4475
copy,wrap,0,rich,1000,drag,20,20,0,3831988741,132,134
copy,wrap,0,rich,1000,copy,20,0,7170,2752129767,169,182
copy,wrap,1,rich,1000,open,20,20,0,3858414627,8123,9733
copy,wrap,1,rich,1000,rebuild-same,20,0,0,3858414627,102,156
copy,wrap,1,rich,1000,rebuild-equal,20,0,0,3858414627,101,115
copy,wrap,1,rich,1000,edit,20,20,0,2284405263,8751,11926
copy,wrap,1,rich,1000,resize,20,20,0,3858414627,4160,5679
copy,wrap,1,rich,1000,drag,20,20,0,3831988741,127,131
copy,wrap,1,rich,1000,copy,20,0,7170,2752129767,164,177
copy,wrap,0,rich,10000,open,20,20,0,3858414627,86294,102857
copy,wrap,0,rich,10000,rebuild-same,20,0,0,3858414627,102,105
copy,wrap,0,rich,10000,rebuild-equal,20,0,0,3858414627,102,105
copy,wrap,0,rich,10000,edit,20,20,0,2284405263,100058,121181
copy,wrap,0,rich,10000,resize,20,20,0,3858414627,52330,65321
copy,wrap,0,rich,10000,drag,20,20,0,2060027205,410,447
copy,wrap,0,rich,10000,copy,20,0,7170,2685947361,1590,2909
copy,wrap,1,rich,10000,open,20,20,0,3858414627,72978,79120
copy,wrap,1,rich,10000,rebuild-same,20,0,0,3858414627,99,125
copy,wrap,1,rich,10000,rebuild-equal,20,0,0,3858414627,102,104
copy,wrap,1,rich,10000,edit,20,20,0,2284405263,78087,103734
copy,wrap,1,rich,10000,resize,20,20,0,3858414627,45953,50740
copy,wrap,1,rich,10000,drag,20,20,0,2060027205,390,401
copy,wrap,1,rich,10000,copy,20,0,7170,2685947361,860,981
copy,wrap,0,plain,1000,open,20,20,0,1830451483,3539,9049
copy,wrap,0,plain,1000,rebuild-same,20,0,0,1830451483,84,88
copy,wrap,0,plain,1000,rebuild-equal,20,0,0,1830451483,83,86
copy,wrap,0,plain,1000,edit,20,20,0,37686951,2988,3958
copy,wrap,0,plain,1000,resize,20,20,0,1830451483,2135,3269
copy,wrap,0,plain,1000,drag,20,20,0,1797951353,110,111
copy,wrap,0,plain,1000,copy,20,0,7170,4053437227,145,182
copy,wrap,1,plain,1000,open,20,20,0,1830451483,3001,3064
copy,wrap,1,plain,1000,rebuild-same,20,0,0,1830451483,81,94
copy,wrap,1,plain,1000,rebuild-equal,20,0,0,1830451483,91,151
copy,wrap,1,plain,1000,edit,20,20,0,37686951,3015,3328
copy,wrap,1,plain,1000,resize,20,20,0,1830451483,2107,2295
copy,wrap,1,plain,1000,drag,20,20,0,1797951353,109,132
copy,wrap,1,plain,1000,copy,20,0,7170,4053437227,152,153
copy,wrap,0,plain,10000,open,20,20,0,1830451483,31838,34942
copy,wrap,0,plain,10000,rebuild-same,20,0,0,1830451483,82,87
copy,wrap,0,plain,10000,rebuild-equal,20,0,0,1830451483,83,85
copy,wrap,0,plain,10000,edit,20,20,0,37686951,33687,45875
copy,wrap,0,plain,10000,resize,20,20,0,1830451483,24784,35966
copy,wrap,0,plain,10000,drag,20,20,0,2724726841,384,393
copy,wrap,0,plain,10000,copy,20,0,7170,1404687173,1230,3206
copy,wrap,1,plain,10000,open,20,20,0,1830451483,31303,36896
copy,wrap,1,plain,10000,rebuild-same,20,0,0,1830451483,81,104
copy,wrap,1,plain,10000,rebuild-equal,20,0,0,1830451483,81,83
copy,wrap,1,plain,10000,edit,20,20,0,37686951,31790,34804
copy,wrap,1,plain,10000,resize,20,20,0,1830451483,20730,22262
copy,wrap,1,plain,10000,drag,20,20,0,2724726841,351,417
copy,wrap,1,plain,10000,copy,20,0,7170,1404687173,786,1672
copy,copy,0,rich,1000,open,20,20,0,3858414627,8923,10028
copy,copy,0,rich,1000,rebuild-same,20,0,0,3858414627,109,119
copy,copy,0,rich,1000,rebuild-equal,20,0,0,3858414627,106,131
copy,copy,0,rich,1000,edit,20,20,0,2284405263,9631,14126
copy,copy,0,rich,1000,resize,20,20,0,3858414627,4225,5232
copy,copy,0,rich,1000,drag,20,20,0,3831988741,131,132
copy,copy,0,rich,1000,copy,20,0,7170,2752129767,136,141
copy,copy,1,rich,1000,open,20,20,0,3858414627,8725,11333
copy,copy,1,rich,1000,rebuild-same,20,0,0,3858414627,116,441
copy,copy,1,rich,1000,rebuild-equal,20,0,0,3858414627,155,568
copy,copy,1,rich,1000,edit,20,20,0,2284405263,8209,11851
copy,copy,1,rich,1000,resize,20,20,0,3858414627,4097,4554
copy,copy,1,rich,1000,drag,20,20,0,3831988741,133,144
copy,copy,1,rich,1000,copy,20,0,7170,2752129767,132,134
copy,copy,0,rich,10000,open,20,20,0,3858414627,87590,98312
copy,copy,0,rich,10000,rebuild-same,20,0,0,3858414627,104,107
copy,copy,0,rich,10000,rebuild-equal,20,0,0,3858414627,151,1281
copy,copy,0,rich,10000,edit,20,20,0,2284405263,94674,116686
copy,copy,0,rich,10000,resize,20,20,0,3858414627,53680,82971
copy,copy,0,rich,10000,drag,20,20,0,2060027205,403,411
copy,copy,0,rich,10000,copy,20,0,7170,2685947361,472,539
copy,copy,1,rich,10000,open,20,20,0,3858414627,77610,93363
copy,copy,1,rich,10000,rebuild-same,20,0,0,3858414627,96,124
copy,copy,1,rich,10000,rebuild-equal,20,0,0,3858414627,98,99
copy,copy,1,rich,10000,edit,20,20,0,2284405263,78020,98377
copy,copy,1,rich,10000,resize,20,20,0,3858414627,43995,47518
copy,copy,1,rich,10000,drag,20,20,0,2060027205,372,410
copy,copy,1,rich,10000,copy,20,0,7170,2685947361,426,441
copy,copy,0,plain,1000,open,20,20,0,1830451483,3029,3935
copy,copy,0,plain,1000,rebuild-same,20,0,0,1830451483,83,101
copy,copy,0,plain,1000,rebuild-equal,20,0,0,1830451483,93,99
copy,copy,0,plain,1000,edit,20,20,0,37686951,3257,4441
copy,copy,0,plain,1000,resize,20,20,0,1830451483,2130,2510
copy,copy,0,plain,1000,drag,20,20,0,1797951353,112,115
copy,copy,0,plain,1000,copy,20,0,7170,4053437227,117,119
copy,copy,1,plain,1000,open,20,20,0,1830451483,2958,3593
copy,copy,1,plain,1000,rebuild-same,20,0,0,1830451483,79,96
copy,copy,1,plain,1000,rebuild-equal,20,0,0,1830451483,90,96
copy,copy,1,plain,1000,edit,20,20,0,37686951,3074,3319
copy,copy,1,plain,1000,resize,20,20,0,1830451483,2091,2286
copy,copy,1,plain,1000,drag,20,20,0,1797951353,110,120
copy,copy,1,plain,1000,copy,20,0,7170,4053437227,115,116
copy,copy,0,plain,10000,open,20,20,0,1830451483,31726,38123
copy,copy,0,plain,10000,rebuild-same,20,0,0,1830451483,83,139
copy,copy,0,plain,10000,rebuild-equal,20,0,0,1830451483,82,83
copy,copy,0,plain,10000,edit,20,20,0,37686951,32049,36375
copy,copy,0,plain,10000,resize,20,20,0,1830451483,22865,26202
copy,copy,0,plain,10000,drag,20,20,0,2724726841,370,467
copy,copy,0,plain,10000,copy,20,0,7170,1404687173,441,993
copy,copy,1,plain,10000,open,20,20,0,1830451483,28990,30061
copy,copy,1,plain,10000,rebuild-same,20,0,0,1830451483,77,81
copy,copy,1,plain,10000,rebuild-equal,20,0,0,1830451483,80,93
copy,copy,1,plain,10000,edit,20,20,0,37686951,30842,33056
copy,copy,1,plain,10000,resize,20,20,0,1830451483,22241,23924
copy,copy,1,plain,10000,drag,20,20,0,2724726841,378,393
copy,copy,1,plain,10000,copy,20,0,7170,1404687173,433,600
characters,copy,0,rich,1000,open,60,60,0,3858414627,7641,10138
characters,copy,0,rich,1000,rebuild-same,60,0,0,3858414627,99,120
characters,copy,0,rich,1000,rebuild-equal,60,0,0,3858414627,100,105
characters,copy,0,rich,1000,edit,60,60,0,2284405263,7567,10233
characters,copy,0,rich,1000,resize,60,60,0,3858414627,4011,4341
characters,copy,0,rich,1000,drag,60,60,0,3831988741,123,134
characters,copy,0,rich,1000,copy,60,0,16730,2752129767,131,135
characters,copy,1,rich,1000,open,60,60,0,3858414627,8085,12491
characters,copy,1,rich,1000,rebuild-same,60,0,0,3858414627,102,116
characters,copy,1,rich,1000,rebuild-equal,60,0,0,3858414627,102,110
characters,copy,1,rich,1000,edit,60,60,0,2284405263,8344,12357
characters,copy,1,rich,1000,resize,60,60,0,3858414627,4089,5798
characters,copy,1,rich,1000,drag,60,60,0,3831988741,132,225
characters,copy,1,rich,1000,copy,60,0,16730,2752129767,138,144
characters,copy,0,rich,10000,resize,60,60,0,3858414627,44756,47139
characters,copy,1,rich,10000,resize,60,60,0,3858414627,46958,53561
characters,copy,0,spans,1000,open,60,60,0,2232575019,8191,9659
characters,copy,0,spans,1000,rebuild-same,60,0,0,2232575019,128,170
characters,copy,0,spans,1000,rebuild-equal,60,0,0,2232575019,138,280
characters,copy,0,spans,1000,edit,60,60,0,4052510319,8537,10070
characters,copy,0,spans,1000,resize,60,60,0,2232575019,4006,4468
characters,copy,0,spans,1000,drag,60,60,0,2618650863,125,149
characters,copy,0,spans,1000,copy,60,0,16730,619799109,131,133
characters,copy,1,spans,1000,open,60,60,0,2232575019,10035,19213
characters,copy,1,spans,1000,rebuild-same,60,0,0,2232575019,201,332
characters,copy,1,spans,1000,rebuild-equal,60,0,0,2232575019,150,154
characters,copy,1,spans,1000,edit,60,60,0,4052510319,11989,19570
characters,copy,1,spans,1000,resize,60,60,0,2232575019,4111,4762
characters,copy,1,spans,1000,drag,60,60,0,2618650863,131,174
characters,copy,1,spans,1000,copy,60,0,16730,619799109,137,146
characters,copy,0,spans,10000,resize,60,60,0,2232575019,58500,71698
characters,copy,1,spans,10000,resize,60,60,0,2232575019,46288,51027
characters,characters,0,rich,1000,open,60,60,0,3858414627,6831,9342
characters,characters,0,rich,1000,rebuild-same,60,0,0,3858414627,99,111
characters,characters,0,rich,1000,rebuild-equal,60,0,0,3858414627,98,117
characters,characters,0,rich,1000,edit,60,60,0,2284405263,6855,9089
characters,characters,0,rich,1000,resize,60,60,0,3858414627,3366,3566
characters,characters,0,rich,1000,drag,60,60,0,3831988741,125,136
characters,characters,0,rich,1000,copy,60,0,16730,2752129767,135,154
characters,characters,1,rich,1000,open,60,60,0,3858414627,7973,11606
characters,characters,1,rich,1000,rebuild-same,60,0,0,3858414627,104,479
characters,characters,1,rich,1000,rebuild-equal,60,0,0,3858414627,102,113
characters,characters,1,rich,1000,edit,60,60,0,2284405263,7500,13008
characters,characters,1,rich,1000,resize,60,60,0,3858414627,3484,3915
characters,characters,1,rich,1000,drag,60,60,0,3831988741,131,173
characters,characters,1,rich,1000,copy,60,0,16730,2752129767,138,142
characters,characters,0,rich,10000,resize,60,60,0,3858414627,40482,51847
characters,characters,1,rich,10000,resize,60,60,0,3858414627,40595,46208
characters,characters,0,spans,1000,open,60,60,0,2232575019,7328,8286
characters,characters,0,spans,1000,rebuild-same,60,0,0,2232575019,135,139
characters,characters,0,spans,1000,rebuild-equal,60,0,0,2232575019,141,292
characters,characters,0,spans,1000,edit,60,60,0,4052510319,7730,8946
characters,characters,0,spans,1000,resize,60,60,0,2232575019,3387,3684
characters,characters,0,spans,1000,drag,60,60,0,2618650863,125,139
characters,characters,0,spans,1000,copy,60,0,16730,619799109,132,148
characters,characters,1,spans,1000,open,60,60,0,2232575019,10278,14921
characters,characters,1,spans,1000,rebuild-same,60,0,0,2232575019,138,537
characters,characters,1,spans,1000,rebuild-equal,60,0,0,2232575019,148,744
characters,characters,1,spans,1000,edit,60,60,0,4052510319,10159,13819
characters,characters,1,spans,1000,resize,60,60,0,2232575019,3506,5850
characters,characters,1,spans,1000,drag,60,60,0,2618650863,128,145
characters,characters,1,spans,1000,copy,60,0,16730,619799109,137,150
characters,characters,0,spans,10000,resize,60,60,0,2232575019,54917,78679
characters,characters,1,spans,10000,resize,60,60,0,2232575019,44615,56857
break-comparison-trial,characters,0,rich,1000,resize,100,100,0,3858414627,3334,3828
break-comparison-trial,characters,1,rich,1000,resize,100,100,0,3858414627,3426,3695
break-comparison-trial,characters,2,rich,1000,resize,100,100,0,3858414627,3338,3659
break-comparison-trial,characters,0,rich,10000,resize,100,100,0,3858414627,38341,42087
break-comparison-trial,characters,1,rich,10000,resize,100,100,0,3858414627,37093,40926
break-comparison-trial,characters,2,rich,10000,resize,100,100,0,3858414627,36526,40635
break-comparison-trial,breakcheck,0,rich,1000,resize,100,100,0,3858414627,3229,3611
break-comparison-trial,breakcheck,1,rich,1000,resize,100,100,0,3858414627,3262,3620
break-comparison-trial,breakcheck,2,rich,1000,resize,100,100,0,3858414627,3180,3571
break-comparison-trial,breakcheck,0,rich,10000,resize,100,100,0,3858414627,37194,41354
break-comparison-trial,breakcheck,1,rich,10000,resize,100,100,0,3858414627,35276,39278
break-comparison-trial,breakcheck,2,rich,10000,resize,100,100,0,3858414627,37017,49633
selection-length,final2-after,0,plain,1000,drag,200,200,0,1797951353,102,112
selection-length,final2-after,1,plain,1000,drag,200,200,0,1797951353,106,114
selection-length,final2-after,0,plain,1000,copy,200,0,50190,4053437227,108,116
selection-length,final2-after,1,plain,1000,copy,200,0,50190,4053437227,108,120
selection-length,final2-after,0,plain,1000,copy-all,200,0,15329790,2704721301,152,191
selection-length,final2-after,1,plain,1000,copy-all,200,0,15329790,2704721301,152,174
selection-length,final2-after,0,plain,10000,drag,200,200,0,2724726841,350,389
selection-length,final2-after,1,plain,10000,drag,200,200,0,2724726841,350,375
selection-length,final2-after,0,plain,10000,copy,200,0,50190,1404687173,403,454
selection-length,final2-after,1,plain,10000,copy,200,0,50190,1404687173,406,473
selection-length,final2-after,0,plain,10000,copy-all,200,0,153299790,3813876293,935,1754
selection-length,final2-after,1,plain,10000,copy-all,200,0,153299790,3813876293,955,1881
selection-length,final2-after,0,rich,1000,drag,200,200,0,3831988741,134,155
selection-length,final2-after,1,rich,1000,drag,200,200,0,3831988741,132,143
selection-length,final2-after,0,rich,1000,copy,200,0,50190,2752129767,139,157
selection-length,final2-after,1,rich,1000,copy,200,0,50190,2752129767,137,151
selection-length,final2-after,0,rich,1000,copy-all,200,0,15329790,549569285,196,223
selection-length,final2-after,1,rich,1000,copy-all,200,0,15329790,549569285,193,228
selection-length,final2-after,0,rich,10000,drag,200,200,0,2060027205,370,427
selection-length,final2-after,1,rich,10000,drag,200,200,0,2060027205,370,433
selection-length,final2-after,0,rich,10000,copy,200,0,50190,2685947361,440,522
selection-length,final2-after,1,rich,10000,copy,200,0,50190,2685947361,424,513
selection-length,final2-after,0,rich,10000,copy-all,200,0,153299790,1844308149,967,1651
selection-length,final2-after,1,rich,10000,copy-all,200,0,153299790,1844308149,972,1703
selection-length,final2-after,0,spans,1000,drag,200,200,0,2618650863,133,145
selection-length,final2-after,1,spans,1000,drag,200,200,0,2618650863,133,155
selection-length,final2-after,0,spans,1000,copy,200,0,50190,619799109,137,148
selection-length,final2-after,1,spans,1000,copy,200,0,50190,619799109,138,155
selection-length,final2-after,0,spans,1000,copy-all,200,0,15329790,1196124373,190,235
selection-length,final2-after,1,spans,1000,copy-all,200,0,15329790,1196124373,189,226
selection-length,final2-after,0,spans,10000,drag,200,200,0,4249474571,370,410
selection-length,final2-after,1,spans,10000,drag,200,200,0,4249474571,370,414
selection-length,final2-after,0,spans,10000,copy,200,0,50190,1111127019,424,472
selection-length,final2-after,1,spans,10000,copy,200,0,50190,1111127019,423,461
selection-length,final2-after,0,spans,10000,copy-all,200,0,153299790,2264602581,1076,2388
selection-length,final2-after,1,spans,10000,copy-all,200,0,153299790,2264602581,1063,2381
selection-length,length-after,0,plain,1000,drag,200,200,0,1797951353,102,126
selection-length,length-after,1,plain,1000,drag,200,200,0,1797951353,79,87
selection-length,length-after,0,plain,1000,copy,200,0,50190,4053437227,83,93
selection-length,length-after,1,plain,1000,copy,200,0,50190,4053437227,83,92
selection-length,length-after,0,plain,1000,copy-all,200,0,15329790,2704721301,114,131
selection-length,length-after,1,plain,1000,copy-all,200,0,15329790,2704721301,120,164
selection-length,length-after,0,plain,10000,drag,200,200,0,2724726841,101,109
selection-length,length-after,1,plain,10000,drag,200,200,0,2724726841,104,113
selection-length,length-after,0,plain,10000,copy,200,0,50190,1404687173,156,173
selection-length,length-after,1,plain,10000,copy,200,0,50190,1404687173,154,165
selection-length,length-after,0,plain,10000,copy-all,200,0,153299790,3813876293,570,1088
selection-length,length-after,1,plain,10000,copy-all,200,0,153299790,3813876293,572,1164
selection-length,length-after,0,rich,1000,drag,200,200,0,3831988741,107,125
selection-length,length-after,1,rich,1000,drag,200,200,0,3831988741,107,118
selection-length,length-after,0,rich,1000,copy,200,0,50190,2752129767,112,123
selection-length,length-after,1,rich,1000,copy,200,0,50190,2752129767,112,123
selection-length,length-after,0,rich,1000,copy-all,200,0,15329790,549569285,155,188
selection-length,length-after,1,rich,1000,copy-all,200,0,15329790,549569285,155,186
selection-length,length-after,0,rich,10000,drag,200,200,0,2060027205,122,159
selection-length,length-after,1,rich,10000,drag,200,200,0,2060027205,122,170
selection-length,length-after,0,rich,10000,copy,200,0,50190,2685947361,173,242
selection-length,length-after,1,rich,10000,copy,200,0,50190,2685947361,173,228
selection-length,length-after,0,rich,10000,copy-all,200,0,153299790,1844308149,592,1308
selection-length,length-after,1,rich,10000,copy-all,200,0,153299790,1844308149,588,1257
selection-length,length-after,0,spans,1000,drag,200,200,0,2618650863,108,121
selection-length,length-after,1,spans,1000,drag,200,200,0,2618650863,107,124
selection-length,length-after,0,spans,1000,copy,200,0,50190,619799109,113,123
selection-length,length-after,1,spans,1000,copy,200,0,50190,619799109,112,122
selection-length,length-after,0,spans,1000,copy-all,200,0,15329790,1196124373,153,183
selection-length,length-after,1,spans,1000,copy-all,200,0,15329790,1196124373,151,178
selection-length,length-after,0,spans,10000,drag,200,200,0,4249474571,127,139
selection-length,length-after,1,spans,10000,drag,200,200,0,4249474571,121,132
selection-length,length-after,0,spans,10000,copy,200,0,50190,1111127019,174,188
selection-length,length-after,1,spans,10000,copy,200,0,50190,1111127019,174,185
selection-length,length-after,0,spans,10000,copy-all,200,0,153299790,2264602581,727,1938
selection-length,length-after,1,spans,10000,copy-all,200,0,153299790,2264602581,744,1980
