variant,run,kind,policy,lines,operation,frames,changedFrames,copiedUnits,fingerprint,medianUs,p95Us
policy-fixed-before,0,rich,spec,1000,open,60,60,0,3858414627,6517,8366
policy-fixed-before,0,rich,spec,1000,rebuild-same,60,0,0,3858414627,96,99
policy-fixed-before,0,rich,spec,1000,rebuild-equal,60,0,0,3858414627,99,129
policy-fixed-before,0,rich,spec,1000,edit,60,60,0,2284405263,6576,8943
policy-fixed-before,0,rich,spec,1000,resize,60,60,0,3858414627,3293,3538
policy-fixed-before,0,rich,spec,1000,drag,60,60,0,3831988741,98,119
policy-fixed-before,0,rich,spec,1000,copy,60,0,16730,2752129767,103,108
policy-fixed-before,0,rich,spec,1000,copy-all,60,0,5109930,549569285,144,168
factory-after,0,rich,spec,1000,open,60,60,0,3858414627,6640,9085
factory-after,0,rich,spec,1000,rebuild-same,60,0,0,3858414627,96,121
factory-after,0,rich,spec,1000,rebuild-equal,60,0,0,3858414627,97,102
factory-after,0,rich,spec,1000,edit,60,60,0,2284405263,6766,8550
factory-after,0,rich,spec,1000,resize,60,60,0,3858414627,3326,3632
factory-after,0,rich,spec,1000,drag,60,60,0,3831988741,104,113
factory-after,0,rich,spec,1000,copy,60,0,16730,2752129767,106,110
factory-after,0,rich,spec,1000,copy-all,60,0,5109930,549569285,144,175
policy-fixed-before,0,spans,spec,1000,open,60,60,0,2232575019,7464,8246
policy-fixed-before,0,spans,spec,1000,rebuild-same,60,0,0,2232575019,128,135
policy-fixed-before,0,spans,spec,1000,rebuild-equal,60,0,0,2232575019,137,146
policy-fixed-before,0,spans,spec,1000,edit,60,60,0,4052510319,7470,8971
policy-fixed-before,0,spans,spec,1000,resize,60,60,0,2232575019,3314,3707
policy-fixed-before,0,spans,spec,1000,drag,60,60,0,2618650863,99,107
policy-fixed-before,0,spans,spec,1000,copy,60,0,16730,619799109,104,165
policy-fixed-before,0,spans,spec,1000,copy-all,60,0,5109930,1196124373,149,246
factory-after,0,spans,spec,1000,open,60,60,0,2232575019,7138,7775
factory-after,0,spans,spec,1000,rebuild-same,60,0,0,2232575019,127,132
factory-after,0,spans,spec,1000,rebuild-equal,60,0,0,2232575019,140,164
factory-after,0,spans,spec,1000,edit,60,60,0,4052510319,7469,8797
factory-after,0,spans,spec,1000,resize,60,60,0,2232575019,3296,3750
factory-after,0,spans,spec,1000,drag,60,60,0,2618650863,99,109
factory-after,0,spans,spec,1000,copy,60,0,16730,619799109,103,118
factory-after,0,spans,spec,1000,copy-all,60,0,5109930,1196124373,146,182
policy-fixed-before,0,rich,split,1000,open,60,60,0,7385663,8960,10264
policy-fixed-before,0,rich,split,1000,rebuild-same,60,0,0,7385663,102,116
policy-fixed-before,0,rich,split,1000,rebuild-equal,60,0,0,7385663,103,112
policy-fixed-before,0,rich,split,1000,edit,60,60,0,1864840635,9284,12346
policy-fixed-before,0,rich,split,1000,resize,60,60,0,7385663,3434,4036
policy-fixed-before,0,rich,split,1000,drag,60,60,0,108748043,117,125
policy-fixed-before,0,rich,split,1000,copy,60,0,16730,2682076145,153,197
policy-fixed-before,0,rich,split,1000,copy-all,60,0,5109930,437228629,295,377
factory-after,0,rich,split,1000,open,60,60,0,7385663,8112,9871
factory-after,0,rich,split,1000,rebuild-same,60,0,0,7385663,100,109
factory-after,0,rich,split,1000,rebuild-equal,60,0,0,7385663,101,113
factory-after,0,rich,split,1000,edit,60,60,0,1864840635,8361,9516
factory-after,0,rich,split,1000,resize,60,60,0,7385663,3415,3687
factory-after,0,rich,split,1000,drag,60,60,0,108748043,115,124
factory-after,0,rich,split,1000,copy,60,0,16730,2682076145,153,203
factory-after,0,rich,split,1000,copy-all,60,0,5109930,437228629,304,364
policy-fixed-before,0,spans,split,1000,open,60,60,0,4077269935,8861,10114
policy-fixed-before,0,spans,split,1000,rebuild-same,60,0,0,4077269935,130,150
policy-fixed-before,0,spans,split,1000,rebuild-equal,60,0,0,4077269935,139,197
policy-fixed-before,0,spans,split,1000,edit,60,60,0,4091075307,9400,11824
policy-fixed-before,0,spans,split,1000,resize,60,60,0,4077269935,3432,3815
policy-fixed-before,0,spans,split,1000,drag,60,60,0,3792511863,114,146
policy-fixed-before,0,spans,split,1000,copy,60,0,16730,175425013,153,189
policy-fixed-before,0,spans,split,1000,copy-all,60,0,5109930,1270670549,294,450
factory-after,0,spans,split,1000,open,60,60,0,4077269935,8475,9523
factory-after,0,spans,split,1000,rebuild-same,60,0,0,4077269935,129,136
factory-after,0,spans,split,1000,rebuild-equal,60,0,0,4077269935,138,142
factory-after,0,spans,split,1000,edit,60,60,0,4091075307,8724,10247
factory-after,0,spans,split,1000,resize,60,60,0,4077269935,3401,3842
factory-after,0,spans,split,1000,drag,60,60,0,3792511863,113,139
factory-after,0,spans,split,1000,copy,60,0,16730,175425013,156,179
factory-after,0,spans,split,1000,copy-all,60,0,5109930,1270670549,297,352
policy-fixed-before,1,rich,spec,1000,open,60,60,0,3858414627,6550,8541
policy-fixed-before,1,rich,spec,1000,rebuild-same,60,0,0,3858414627,96,103
policy-fixed-before,1,rich,spec,1000,rebuild-equal,60,0,0,3858414627,101,109
policy-fixed-before,1,rich,spec,1000,edit,60,60,0,2284405263,6675,8798
policy-fixed-before,1,rich,spec,1000,resize,60,60,0,3858414627,3300,3617
policy-fixed-before,1,rich,spec,1000,drag,60,60,0,3831988741,100,118
policy-fixed-before,1,rich,spec,1000,copy,60,0,16730,2752129767,104,122
policy-fixed-before,1,rich,spec,1000,copy-all,60,0,5109930,549569285,143,162
factory-after,1,rich,spec,1000,open,60,60,0,3858414627,6631,8292
factory-after,1,rich,spec,1000,rebuild-same,60,0,0,3858414627,96,100
factory-after,1,rich,spec,1000,rebuild-equal,60,0,0,3858414627,95,121
factory-after,1,rich,spec,1000,edit,60,60,0,2284405263,6719,8301
factory-after,1,rich,spec,1000,resize,60,60,0,3858414627,3278,3639
factory-after,1,rich,spec,1000,drag,60,60,0,3831988741,103,114
factory-after,1,rich,spec,1000,copy,60,0,16730,2752129767,103,115
factory-after,1,rich,spec,1000,copy-all,60,0,5109930,549569285,146,163
policy-fixed-before,1,spans,spec,1000,open,60,60,0,2232575019,7111,8096
policy-fixed-before,1,spans,spec,1000,rebuild-same,60,0,0,2232575019,128,141
policy-fixed-before,1,spans,spec,1000,rebuild-equal,60,0,0,2232575019,143,189
policy-fixed-before,1,spans,spec,1000,edit,60,60,0,4052510319,7557,8552
policy-fixed-before,1,spans,spec,1000,resize,60,60,0,2232575019,3297,3642
policy-fixed-before,1,spans,spec,1000,drag,60,60,0,2618650863,100,114
policy-fixed-before,1,spans,spec,1000,copy,60,0,16730,619799109,103,109
policy-fixed-before,1,spans,spec,1000,copy-all,60,0,5109930,1196124373,147,177
factory-after,1,spans,spec,1000,open,60,60,0,2232575019,7256,7930
factory-after,1,spans,spec,1000,rebuild-same,60,0,0,2232575019,131,148
factory-after,1,spans,spec,1000,rebuild-equal,60,0,0,2232575019,141,162
factory-after,1,spans,spec,1000,edit,60,60,0,4052510319,7447,8534
factory-after,1,spans,spec,1000,resize,60,60,0,2232575019,3316,3760
factory-after,1,spans,spec,1000,drag,60,60,0,2618650863,99,109
factory-after,1,spans,spec,1000,copy,60,0,16730,619799109,103,107
factory-after,1,spans,spec,1000,copy-all,60,0,5109930,1196124373,148,234
policy-fixed-before,1,rich,split,1000,open,60,60,0,7385663,9104,10746
policy-fixed-before,1,rich,split,1000,rebuild-same,60,0,0,7385663,102,138
policy-fixed-before,1,rich,split,1000,rebuild-equal,60,0,0,7385663,97,109
policy-fixed-before,1,rich,split,1000,edit,60,60,0,1864840635,10013,11631
policy-fixed-before,1,rich,split,1000,resize,60,60,0,7385663,3425,3672
policy-fixed-before,1,rich,split,1000,drag,60,60,0,108748043,116,131
policy-fixed-before,1,rich,split,1000,copy,60,0,16730,2682076145,162,189
policy-fixed-before,1,rich,split,1000,copy-all,60,0,5109930,437228629,297,347
factory-after,1,rich,split,1000,open,60,60,0,7385663,7959,9460
factory-after,1,rich,split,1000,rebuild-same,60,0,0,7385663,98,112
factory-after,1,rich,split,1000,rebuild-equal,60,0,0,7385663,100,139
factory-after,1,rich,split,1000,edit,60,60,0,1864840635,8328,10275
factory-after,1,rich,split,1000,resize,60,60,0,7385663,3381,3739
factory-after,1,rich,split,1000,drag,60,60,0,108748043,115,123
factory-after,1,rich,split,1000,copy,60,0,16730,2682076145,160,203
factory-after,1,rich,split,1000,copy-all,60,0,5109930,437228629,301,364
policy-fixed-before,1,spans,split,1000,open,60,60,0,4077269935,8377,10137
policy-fixed-before,1,spans,split,1000,rebuild-same,60,0,0,4077269935,136,172
policy-fixed-before,1,spans,split,1000,rebuild-equal,60,0,0,4077269935,142,150
policy-fixed-before,1,spans,split,1000,edit,60,60,0,4091075307,9401,11590
policy-fixed-before,1,spans,split,1000,resize,60,60,0,4077269935,3457,3876
policy-fixed-before,1,spans,split,1000,drag,60,60,0,3792511863,114,137
policy-fixed-before,1,spans,split,1000,copy,60,0,16730,175425013,160,180
policy-fixed-before,1,spans,split,1000,copy-all,60,0,5109930,1270670549,301,617
factory-after,1,spans,split,1000,open,60,60,0,4077269935,8624,9617
factory-after,1,spans,split,1000,rebuild-same,60,0,0,4077269935,129,136
factory-after,1,spans,split,1000,rebuild-equal,60,0,0,4077269935,139,142
factory-after,1,spans,split,1000,edit,60,60,0,4091075307,8813,10787
factory-after,1,spans,split,1000,resize,60,60,0,4077269935,3395,3796
factory-after,1,spans,split,1000,drag,60,60,0,3792511863,113,125
factory-after,1,spans,split,1000,copy,60,0,16730,175425013,158,267
factory-after,1,spans,split,1000,copy-all,60,0,5109930,1270670549,299,671
