scenario,mode,iterations,medianUs,p95Us,changedFrames,surface,fingerprint,pair,version,phasesUs
dashboard,mount-first-frame,300,493,688,300,terminal,,0,base,
agent,mount-first-frame,300,172,228,300,terminal,,0,base,
files,mount-first-frame,300,363,535,300,terminal,,0,base,
editor,mount-first-frame,300,177,252,300,terminal,,0,base,
finance,mount-first-frame,300,630,827,300,terminal,,0,base,
board-16-keyed-false,one-label,300,31,34,300,terminal,1359462507,0,base,"{""build"": 5, ""coverage"": 0, ""layout"": 0, ""paint"": 6, ""semanticDiff"": 0, ""semanticEncode"": 0, ""semanticTree"": 0, ""semantics"": 0}"
board-16-keyed-false,all-labels,300,39,43,300,terminal,1359462507,0,base,"{""build"": 13, ""coverage"": 0, ""layout"": 0, ""paint"": 6, ""semanticDiff"": 0, ""semanticEncode"": 0, ""semanticTree"": 0, ""semantics"": 0}"
board-16-keyed-false,reverse,300,42,46,300,terminal,1359462507,0,base,"{""build"": 14, ""coverage"": 0, ""layout"": 1, ""paint"": 7, ""semanticDiff"": 0, ""semanticEncode"": 0, ""semanticTree"": 0, ""semantics"": 0}"
board-16-keyed-false,replace-subtree,300,86,111,300,terminal,1359462507,0,base,"{""build"": 44, ""coverage"": 0, ""layout"": 1, ""paint"": 8, ""semanticDiff"": 0, ""semanticEncode"": 0, ""semanticTree"": 0, ""semantics"": 0}"
board-16-keyed-true,one-label,300,45,50,300,terminal,1359462507,0,base,"{""build"": 19, ""coverage"": 0, ""layout"": 0, ""paint"": 6, ""semanticDiff"": 0, ""semanticEncode"": 0, ""semanticTree"": 0, ""semantics"": 0}"
board-16-keyed-true,all-labels,300,54,62,300,terminal,1359462507,0,base,"{""build"": 27, ""coverage"": 0, ""layout"": 0, ""paint"": 7, ""semanticDiff"": 0, ""semanticEncode"": 0, ""semanticTree"": 0, ""semantics"": 0}"
board-16-keyed-true,reverse,300,49,67,300,terminal,1359462507,0,base,"{""build"": 21, ""coverage"": 0, ""layout"": 0, ""paint"": 7, ""semanticDiff"": 0, ""semanticEncode"": 0, ""semanticTree"": 0, ""semantics"": 0}"
board-16-keyed-true,replace-subtree,300,99,127,300,terminal,1359462507,0,base,"{""build"": 58, ""coverage"": 0, ""layout"": 1, ""paint"": 8, ""semanticDiff"": 0, ""semanticEncode"": 0, ""semanticTree"": 0, ""semantics"": 0}"
board-64-keyed-false,one-label,300,78,102,300,terminal,251641503,0,base,"{""build"": 18, ""coverage"": 0, ""layout"": 0, ""paint"": 37, ""semanticDiff"": 0, ""semanticEncode"": 0, ""semanticTree"": 0, ""semantics"": 0}"
board-64-keyed-false,all-labels,300,115,147,300,terminal,251641503,0,base,"{""build"": 53, ""coverage"": 0, ""layout"": 0, ""paint"": 38, ""semanticDiff"": 0, ""semanticEncode"": 0, ""semanticTree"": 0, ""semantics"": 0}"
board-64-keyed-false,reverse,300,119,156,300,terminal,251641503,0,base,"{""build"": 54, ""coverage"": 0, ""layout"": 3, ""paint"": 38, ""semanticDiff"": 0, ""semanticEncode"": 0, ""semanticTree"": 0, ""semantics"": 0}"
board-64-keyed-false,replace-subtree,300,311,488,300,terminal,251641503,0,base,"{""build"": 241, ""coverage"": 0, ""layout"": 5, ""paint"": 43, ""semanticDiff"": 0, ""semanticEncode"": 0, ""semanticTree"": 0, ""semantics"": 0}"
board-64-keyed-true,one-label,300,135,171,300,terminal,251641503,0,base,"{""build"": 76, ""coverage"": 0, ""layout"": 0, ""paint"": 36, ""semanticDiff"": 0, ""semanticEncode"": 0, ""semanticTree"": 0, ""semantics"": 0}"
board-64-keyed-true,all-labels,300,175,226,300,terminal,251641503,0,base,"{""build"": 112, ""coverage"": 0, ""layout"": 0, ""paint"": 38, ""semanticDiff"": 0, ""semanticEncode"": 0, ""semanticTree"": 0, ""semantics"": 0}"
board-64-keyed-true,reverse,300,147,200,300,terminal,251641503,0,base,"{""build"": 82, ""coverage"": 0, ""layout"": 2, ""paint"": 37, ""semanticDiff"": 0, ""semanticEncode"": 0, ""semanticTree"": 0, ""semantics"": 0}"
board-64-keyed-true,replace-subtree,300,368,540,300,terminal,251641503,0,base,"{""build"": 297, ""coverage"": 0, ""layout"": 5, ""paint"": 42, ""semanticDiff"": 0, ""semanticEncode"": 0, ""semanticTree"": 0, ""semantics"": 0}"
board-256-keyed-false,one-label,300,224,326,300,terminal,251641503,0,base,"{""build"": 71, ""coverage"": 0, ""layout"": 0, ""paint"": 129, ""semanticDiff"": 0, ""semanticEncode"": 0, ""semanticTree"": 0, ""semantics"": 0}"
board-256-keyed-false,all-labels,300,364,469,300,terminal,251641503,0,base,"{""build"": 209, ""coverage"": 0, ""layout"": 0, ""paint"": 131, ""semanticDiff"": 0, ""semanticEncode"": 0, ""semanticTree"": 0, ""semantics"": 0}"
board-256-keyed-false,reverse,300,407,533,300,terminal,251641503,0,base,"{""build"": 215, ""coverage"": 0, ""layout"": 23, ""paint"": 135, ""semanticDiff"": 0, ""semanticEncode"": 0, ""semanticTree"": 0, ""semantics"": 0}"
board-256-keyed-false,replace-subtree,300,2304,3066,300,terminal,251641503,0,base,"{""build"": 2079, ""coverage"": 0, ""layout"": 25, ""paint"": 149, ""semanticDiff"": 0, ""semanticEncode"": 0, ""semanticTree"": 0, ""semantics"": 0}"
board-256-keyed-true,one-label,300,461,667,300,terminal,251641503,0,base,"{""build"": 305, ""coverage"": 0, ""layout"": 0, ""paint"": 128, ""semanticDiff"": 0, ""semanticEncode"": 0, ""semanticTree"": 0, ""semantics"": 0}"
board-256-keyed-true,all-labels,300,606,900,300,terminal,251641503,0,base,"{""build"": 445, ""coverage"": 0, ""layout"": 0, ""paint"": 131, ""semanticDiff"": 0, ""semanticEncode"": 0, ""semanticTree"": 0, ""semantics"": 0}"
board-256-keyed-true,reverse,300,512,754,300,terminal,251641503,0,base,"{""build"": 335, ""coverage"": 0, ""layout"": 9, ""paint"": 130, ""semanticDiff"": 0, ""semanticEncode"": 0, ""semanticTree"": 0, ""semantics"": 0}"
board-256-keyed-true,replace-subtree,300,2627,3396,300,terminal,251641503,0,base,"{""build"": 2392, ""coverage"": 0, ""layout"": 25, ""paint"": 149, ""semanticDiff"": 0, ""semanticEncode"": 0, ""semanticTree"": 0, ""semantics"": 0}"
dashboard,mount-first-frame,300,488,682,300,terminal,,0,candidate,
agent,mount-first-frame,300,176,243,300,terminal,,0,candidate,
files,mount-first-frame,300,357,529,300,terminal,,0,candidate,
editor,mount-first-frame,300,174,265,300,terminal,,0,candidate,
finance,mount-first-frame,300,610,848,300,terminal,,0,candidate,
board-16-keyed-false,one-label,300,31,35,300,terminal,1359462507,0,candidate,"{""build"": 5, ""coverage"": 0, ""layout"": 0, ""paint"": 6, ""semanticDiff"": 0, ""semanticEncode"": 0, ""semanticTree"": 0, ""semantics"": 0}"
board-16-keyed-false,all-labels,300,40,54,300,terminal,1359462507,0,candidate,"{""build"": 14, ""coverage"": 0, ""layout"": 0, ""paint"": 7, ""semanticDiff"": 0, ""semanticEncode"": 0, ""semanticTree"": 0, ""semantics"": 0}"
board-16-keyed-false,reverse,300,43,65,300,terminal,1359462507,0,candidate,"{""build"": 14, ""coverage"": 0, ""layout"": 1, ""paint"": 7, ""semanticDiff"": 0, ""semanticEncode"": 0, ""semanticTree"": 0, ""semantics"": 0}"
board-16-keyed-false,replace-subtree,300,85,107,300,terminal,1359462507,0,candidate,"{""build"": 44, ""coverage"": 0, ""layout"": 1, ""paint"": 8, ""semanticDiff"": 0, ""semanticEncode"": 0, ""semanticTree"": 0, ""semantics"": 0}"
board-16-keyed-true,one-label,300,45,50,300,terminal,1359462507,0,candidate,"{""build"": 19, ""coverage"": 0, ""layout"": 0, ""paint"": 6, ""semanticDiff"": 0, ""semanticEncode"": 0, ""semanticTree"": 0, ""semantics"": 0}"
board-16-keyed-true,all-labels,300,54,67,300,terminal,1359462507,0,candidate,"{""build"": 27, ""coverage"": 0, ""layout"": 0, ""paint"": 6, ""semanticDiff"": 0, ""semanticEncode"": 0, ""semanticTree"": 0, ""semantics"": 0}"
board-16-keyed-true,reverse,300,50,67,300,terminal,1359462507,0,candidate,"{""build"": 22, ""coverage"": 0, ""layout"": 0, ""paint"": 7, ""semanticDiff"": 0, ""semanticEncode"": 0, ""semanticTree"": 0, ""semantics"": 0}"
board-16-keyed-true,replace-subtree,300,97,130,300,terminal,1359462507,0,candidate,"{""build"": 56, ""coverage"": 0, ""layout"": 1, ""paint"": 8, ""semanticDiff"": 0, ""semanticEncode"": 0, ""semanticTree"": 0, ""semantics"": 0}"
board-64-keyed-false,one-label,300,78,98,300,terminal,251641503,0,candidate,"{""build"": 18, ""coverage"": 0, ""layout"": 0, ""paint"": 37, ""semanticDiff"": 0, ""semanticEncode"": 0, ""semanticTree"": 0, ""semantics"": 0}"
board-64-keyed-false,all-labels,300,113,134,300,terminal,251641503,0,candidate,"{""build"": 52, ""coverage"": 0, ""layout"": 0, ""paint"": 37, ""semanticDiff"": 0, ""semanticEncode"": 0, ""semanticTree"": 0, ""semantics"": 0}"
board-64-keyed-false,reverse,300,120,152,300,terminal,251641503,0,candidate,"{""build"": 53, ""coverage"": 0, ""layout"": 3, ""paint"": 39, ""semanticDiff"": 0, ""semanticEncode"": 0, ""semanticTree"": 0, ""semantics"": 0}"
board-64-keyed-false,replace-subtree,300,310,462,300,terminal,251641503,0,candidate,"{""build"": 238, ""coverage"": 0, ""layout"": 5, ""paint"": 42, ""semanticDiff"": 0, ""semanticEncode"": 0, ""semanticTree"": 0, ""semantics"": 0}"
board-64-keyed-true,one-label,300,136,177,300,terminal,251641503,0,candidate,"{""build"": 76, ""coverage"": 0, ""layout"": 0, ""paint"": 37, ""semanticDiff"": 0, ""semanticEncode"": 0, ""semanticTree"": 0, ""semantics"": 0}"
board-64-keyed-true,all-labels,300,175,224,300,terminal,251641503,0,candidate,"{""build"": 112, ""coverage"": 0, ""layout"": 0, ""paint"": 38, ""semanticDiff"": 0, ""semanticEncode"": 0, ""semanticTree"": 0, ""semantics"": 0}"
board-64-keyed-true,reverse,300,150,179,300,terminal,251641503,0,candidate,"{""build"": 84, ""coverage"": 0, ""layout"": 2, ""paint"": 38, ""semanticDiff"": 0, ""semanticEncode"": 0, ""semanticTree"": 0, ""semantics"": 0}"
board-64-keyed-true,replace-subtree,300,377,1475,300,terminal,251641503,0,candidate,"{""build"": 299, ""coverage"": 0, ""layout"": 5, ""paint"": 43, ""semanticDiff"": 0, ""semanticEncode"": 0, ""semanticTree"": 0, ""semantics"": 0}"
board-256-keyed-false,one-label,300,225,313,300,terminal,251641503,0,candidate,"{""build"": 71, ""coverage"": 0, ""layout"": 0, ""paint"": 130, ""semanticDiff"": 0, ""semanticEncode"": 0, ""semanticTree"": 0, ""semantics"": 0}"
board-256-keyed-false,all-labels,300,363,449,300,terminal,251641503,0,candidate,"{""build"": 208, ""coverage"": 0, ""layout"": 0, ""paint"": 130, ""semanticDiff"": 0, ""semanticEncode"": 0, ""semanticTree"": 0, ""semantics"": 0}"
board-256-keyed-false,reverse,300,403,526,300,terminal,251641503,0,candidate,"{""build"": 213, ""coverage"": 0, ""layout"": 23, ""paint"": 135, ""semanticDiff"": 0, ""semanticEncode"": 0, ""semanticTree"": 0, ""semantics"": 0}"
board-256-keyed-false,replace-subtree,300,2272,2930,300,terminal,251641503,0,candidate,"{""build"": 2053, ""coverage"": 0, ""layout"": 25, ""paint"": 148, ""semanticDiff"": 0, ""semanticEncode"": 0, ""semanticTree"": 0, ""semantics"": 0}"
board-256-keyed-true,one-label,300,456,697,300,terminal,251641503,0,candidate,"{""build"": 303, ""coverage"": 0, ""layout"": 0, ""paint"": 126, ""semanticDiff"": 0, ""semanticEncode"": 0, ""semanticTree"": 0, ""semantics"": 0}"
board-256-keyed-true,all-labels,300,596,849,300,terminal,251641503,0,candidate,"{""build"": 438, ""coverage"": 0, ""layout"": 0, ""paint"": 130, ""semanticDiff"": 0, ""semanticEncode"": 0, ""semanticTree"": 0, ""semantics"": 0}"
board-256-keyed-true,reverse,300,506,719,300,terminal,251641503,0,candidate,"{""build"": 333, ""coverage"": 0, ""layout"": 8, ""paint"": 128, ""semanticDiff"": 0, ""semanticEncode"": 0, ""semanticTree"": 0, ""semantics"": 0}"
board-256-keyed-true,replace-subtree,300,2620,3327,300,terminal,251641503,0,candidate,"{""build"": 2390, ""coverage"": 0, ""layout"": 26, ""paint"": 150, ""semanticDiff"": 0, ""semanticEncode"": 0, ""semanticTree"": 0, ""semantics"": 0}"
dashboard,mount-first-frame,300,497,678,300,terminal,,1,candidate,
agent,mount-first-frame,300,177,233,300,terminal,,1,candidate,
files,mount-first-frame,300,358,579,300,terminal,,1,candidate,
editor,mount-first-frame,300,173,257,300,terminal,,1,candidate,
finance,mount-first-frame,300,622,786,300,terminal,,1,candidate,
board-16-keyed-false,one-label,300,31,34,300,terminal,1359462507,1,candidate,"{""build"": 5, ""coverage"": 0, ""layout"": 0, ""paint"": 6, ""semanticDiff"": 0, ""semanticEncode"": 0, ""semanticTree"": 0, ""semantics"": 0}"
board-16-keyed-false,all-labels,300,39,40,300,terminal,1359462507,1,candidate,"{""build"": 14, ""coverage"": 0, ""layout"": 0, ""paint"": 6, ""semanticDiff"": 0, ""semanticEncode"": 0, ""semanticTree"": 0, ""semantics"": 0}"
board-16-keyed-false,reverse,300,42,48,300,terminal,1359462507,1,candidate,"{""build"": 14, ""coverage"": 0, ""layout"": 1, ""paint"": 7, ""semanticDiff"": 0, ""semanticEncode"": 0, ""semanticTree"": 0, ""semantics"": 0}"
board-16-keyed-false,replace-subtree,300,87,107,300,terminal,1359462507,1,candidate,"{""build"": 45, ""coverage"": 0, ""layout"": 1, ""paint"": 8, ""semanticDiff"": 0, ""semanticEncode"": 0, ""semanticTree"": 0, ""semantics"": 0}"
board-16-keyed-true,one-label,300,44,49,300,terminal,1359462507,1,candidate,"{""build"": 19, ""coverage"": 0, ""layout"": 0, ""paint"": 6, ""semanticDiff"": 0, ""semanticEncode"": 0, ""semanticTree"": 0, ""semantics"": 0}"
board-16-keyed-true,all-labels,300,54,61,300,terminal,1359462507,1,candidate,"{""build"": 28, ""coverage"": 0, ""layout"": 0, ""paint"": 7, ""semanticDiff"": 0, ""semanticEncode"": 0, ""semanticTree"": 0, ""semantics"": 0}"
board-16-keyed-true,reverse,300,48,57,300,terminal,1359462507,1,candidate,"{""build"": 21, ""coverage"": 0, ""layout"": 0, ""paint"": 7, ""semanticDiff"": 0, ""semanticEncode"": 0, ""semanticTree"": 0, ""semantics"": 0}"
board-16-keyed-true,replace-subtree,300,98,121,300,terminal,1359462507,1,candidate,"{""build"": 57, ""coverage"": 0, ""layout"": 1, ""paint"": 8, ""semanticDiff"": 0, ""semanticEncode"": 0, ""semanticTree"": 0, ""semantics"": 0}"
board-64-keyed-false,one-label,300,79,105,300,terminal,251641503,1,candidate,"{""build"": 18, ""coverage"": 0, ""layout"": 0, ""paint"": 37, ""semanticDiff"": 0, ""semanticEncode"": 0, ""semanticTree"": 0, ""semantics"": 0}"
board-64-keyed-false,all-labels,300,113,148,300,terminal,251641503,1,candidate,"{""build"": 52, ""coverage"": 0, ""layout"": 0, ""paint"": 37, ""semanticDiff"": 0, ""semanticEncode"": 0, ""semanticTree"": 0, ""semantics"": 0}"
board-64-keyed-false,reverse,300,118,156,300,terminal,251641503,1,candidate,"{""build"": 53, ""coverage"": 0, ""layout"": 3, ""paint"": 38, ""semanticDiff"": 0, ""semanticEncode"": 0, ""semanticTree"": 0, ""semantics"": 0}"
board-64-keyed-false,replace-subtree,300,306,469,300,terminal,251641503,1,candidate,"{""build"": 236, ""coverage"": 0, ""layout"": 5, ""paint"": 42, ""semanticDiff"": 0, ""semanticEncode"": 0, ""semanticTree"": 0, ""semantics"": 0}"
board-64-keyed-true,one-label,300,136,184,300,terminal,251641503,1,candidate,"{""build"": 76, ""coverage"": 0, ""layout"": 0, ""paint"": 37, ""semanticDiff"": 0, ""semanticEncode"": 0, ""semanticTree"": 0, ""semantics"": 0}"
board-64-keyed-true,all-labels,300,172,225,300,terminal,251641503,1,candidate,"{""build"": 111, ""coverage"": 0, ""layout"": 0, ""paint"": 37, ""semanticDiff"": 0, ""semanticEncode"": 0, ""semanticTree"": 0, ""semantics"": 0}"
board-64-keyed-true,reverse,300,150,214,300,terminal,251641503,1,candidate,"{""build"": 84, ""coverage"": 0, ""layout"": 2, ""paint"": 38, ""semanticDiff"": 0, ""semanticEncode"": 0, ""semanticTree"": 0, ""semantics"": 0}"
board-64-keyed-true,replace-subtree,300,363,597,300,terminal,251641503,1,candidate,"{""build"": 293, ""coverage"": 0, ""layout"": 5, ""paint"": 42, ""semanticDiff"": 0, ""semanticEncode"": 0, ""semanticTree"": 0, ""semantics"": 0}"
board-256-keyed-false,one-label,300,223,327,300,terminal,251641503,1,candidate,"{""build"": 70, ""coverage"": 0, ""layout"": 0, ""paint"": 128, ""semanticDiff"": 0, ""semanticEncode"": 0, ""semanticTree"": 0, ""semantics"": 0}"
board-256-keyed-false,all-labels,300,364,469,300,terminal,251641503,1,candidate,"{""build"": 210, ""coverage"": 0, ""layout"": 0, ""paint"": 130, ""semanticDiff"": 0, ""semanticEncode"": 0, ""semanticTree"": 0, ""semantics"": 0}"
board-256-keyed-false,reverse,300,404,521,300,terminal,251641503,1,candidate,"{""build"": 214, ""coverage"": 0, ""layout"": 23, ""paint"": 134, ""semanticDiff"": 0, ""semanticEncode"": 0, ""semanticTree"": 0, ""semantics"": 0}"
board-256-keyed-false,replace-subtree,300,2244,3136,300,terminal,251641503,1,candidate,"{""build"": 2021, ""coverage"": 0, ""layout"": 24, ""paint"": 148, ""semanticDiff"": 0, ""semanticEncode"": 0, ""semanticTree"": 0, ""semantics"": 0}"
board-256-keyed-true,one-label,300,457,652,300,terminal,251641503,1,candidate,"{""build"": 304, ""coverage"": 0, ""layout"": 0, ""paint"": 126, ""semanticDiff"": 0, ""semanticEncode"": 0, ""semanticTree"": 0, ""semantics"": 0}"
board-256-keyed-true,all-labels,300,604,889,300,terminal,251641503,1,candidate,"{""build"": 442, ""coverage"": 0, ""layout"": 0, ""paint"": 131, ""semanticDiff"": 0, ""semanticEncode"": 0, ""semanticTree"": 0, ""semantics"": 0}"
board-256-keyed-true,reverse,300,505,764,300,terminal,251641503,1,candidate,"{""build"": 332, ""coverage"": 0, ""layout"": 8, ""paint"": 128, ""semanticDiff"": 0, ""semanticEncode"": 0, ""semanticTree"": 0, ""semantics"": 0}"
board-256-keyed-true,replace-subtree,300,2628,3426,300,terminal,251641503,1,candidate,"{""build"": 2382, ""coverage"": 0, ""layout"": 26, ""paint"": 151, ""semanticDiff"": 0, ""semanticEncode"": 0, ""semanticTree"": 0, ""semantics"": 0}"
dashboard,mount-first-frame,300,494,687,300,terminal,,1,base,
agent,mount-first-frame,300,170,242,300,terminal,,1,base,
files,mount-first-frame,300,372,515,300,terminal,,1,base,
editor,mount-first-frame,300,180,250,300,terminal,,1,base,
finance,mount-first-frame,300,616,802,300,terminal,,1,base,
board-16-keyed-false,one-label,300,31,34,300,terminal,1359462507,1,base,"{""build"": 5, ""coverage"": 0, ""layout"": 0, ""paint"": 6, ""semanticDiff"": 0, ""semanticEncode"": 0, ""semanticTree"": 0, ""semantics"": 0}"
board-16-keyed-false,all-labels,300,40,43,300,terminal,1359462507,1,base,"{""build"": 13, ""coverage"": 0, ""layout"": 0, ""paint"": 6, ""semanticDiff"": 0, ""semanticEncode"": 0, ""semanticTree"": 0, ""semantics"": 0}"
board-16-keyed-false,reverse,300,43,51,300,terminal,1359462507,1,base,"{""build"": 14, ""coverage"": 0, ""layout"": 1, ""paint"": 7, ""semanticDiff"": 0, ""semanticEncode"": 0, ""semanticTree"": 0, ""semantics"": 0}"
board-16-keyed-false,replace-subtree,300,87,107,300,terminal,1359462507,1,base,"{""build"": 45, ""coverage"": 0, ""layout"": 1, ""paint"": 8, ""semanticDiff"": 0, ""semanticEncode"": 0, ""semanticTree"": 0, ""semantics"": 0}"
board-16-keyed-true,one-label,300,44,51,300,terminal,1359462507,1,base,"{""build"": 19, ""coverage"": 0, ""layout"": 0, ""paint"": 6, ""semanticDiff"": 0, ""semanticEncode"": 0, ""semanticTree"": 0, ""semantics"": 0}"
board-16-keyed-true,all-labels,300,54,69,300,terminal,1359462507,1,base,"{""build"": 27, ""coverage"": 0, ""layout"": 0, ""paint"": 7, ""semanticDiff"": 0, ""semanticEncode"": 0, ""semanticTree"": 0, ""semantics"": 0}"
board-16-keyed-true,reverse,300,50,69,300,terminal,1359462507,1,base,"{""build"": 22, ""coverage"": 0, ""layout"": 0, ""paint"": 7, ""semanticDiff"": 0, ""semanticEncode"": 0, ""semanticTree"": 0, ""semantics"": 0}"
board-16-keyed-true,replace-subtree,300,99,136,300,terminal,1359462507,1,base,"{""build"": 58, ""coverage"": 0, ""layout"": 1, ""paint"": 8, ""semanticDiff"": 0, ""semanticEncode"": 0, ""semanticTree"": 0, ""semantics"": 0}"
board-64-keyed-false,one-label,300,78,105,300,terminal,251641503,1,base,"{""build"": 18, ""coverage"": 0, ""layout"": 0, ""paint"": 37, ""semanticDiff"": 0, ""semanticEncode"": 0, ""semanticTree"": 0, ""semantics"": 0}"
board-64-keyed-false,all-labels,300,114,132,300,terminal,251641503,1,base,"{""build"": 53, ""coverage"": 0, ""layout"": 0, ""paint"": 37, ""semanticDiff"": 0, ""semanticEncode"": 0, ""semanticTree"": 0, ""semantics"": 0}"
board-64-keyed-false,reverse,300,120,137,300,terminal,251641503,1,base,"{""build"": 54, ""coverage"": 0, ""layout"": 3, ""paint"": 38, ""semanticDiff"": 0, ""semanticEncode"": 0, ""semanticTree"": 0, ""semantics"": 0}"
board-64-keyed-false,replace-subtree,300,312,490,300,terminal,251641503,1,base,"{""build"": 240, ""coverage"": 0, ""layout"": 5, ""paint"": 42, ""semanticDiff"": 0, ""semanticEncode"": 0, ""semanticTree"": 0, ""semantics"": 0}"
board-64-keyed-true,one-label,300,134,167,300,terminal,251641503,1,base,"{""build"": 74, ""coverage"": 0, ""layout"": 0, ""paint"": 37, ""semanticDiff"": 0, ""semanticEncode"": 0, ""semanticTree"": 0, ""semantics"": 0}"
board-64-keyed-true,all-labels,300,172,214,300,terminal,251641503,1,base,"{""build"": 110, ""coverage"": 0, ""layout"": 0, ""paint"": 38, ""semanticDiff"": 0, ""semanticEncode"": 0, ""semanticTree"": 0, ""semantics"": 0}"
board-64-keyed-true,reverse,300,149,202,300,terminal,251641503,1,base,"{""build"": 83, ""coverage"": 0, ""layout"": 2, ""paint"": 38, ""semanticDiff"": 0, ""semanticEncode"": 0, ""semanticTree"": 0, ""semantics"": 0}"
board-64-keyed-true,replace-subtree,300,378,1364,300,terminal,251641503,1,base,"{""build"": 304, ""coverage"": 0, ""layout"": 5, ""paint"": 43, ""semanticDiff"": 0, ""semanticEncode"": 0, ""semanticTree"": 0, ""semantics"": 0}"
board-256-keyed-false,one-label,300,220,284,300,terminal,251641503,1,base,"{""build"": 69, ""coverage"": 0, ""layout"": 0, ""paint"": 127, ""semanticDiff"": 0, ""semanticEncode"": 0, ""semanticTree"": 0, ""semantics"": 0}"
board-256-keyed-false,all-labels,300,366,471,300,terminal,251641503,1,base,"{""build"": 211, ""coverage"": 0, ""layout"": 0, ""paint"": 131, ""semanticDiff"": 0, ""semanticEncode"": 0, ""semanticTree"": 0, ""semantics"": 0}"
board-256-keyed-false,reverse,300,406,501,300,terminal,251641503,1,base,"{""build"": 216, ""coverage"": 0, ""layout"": 23, ""paint"": 133, ""semanticDiff"": 0, ""semanticEncode"": 0, ""semanticTree"": 0, ""semantics"": 0}"
board-256-keyed-false,replace-subtree,300,2316,3194,300,terminal,251641503,1,base,"{""build"": 2088, ""coverage"": 0, ""layout"": 25, ""paint"": 149, ""semanticDiff"": 0, ""semanticEncode"": 0, ""semanticTree"": 0, ""semantics"": 0}"
board-256-keyed-true,one-label,300,460,679,300,terminal,251641503,1,base,"{""build"": 306, ""coverage"": 0, ""layout"": 0, ""paint"": 128, ""semanticDiff"": 0, ""semanticEncode"": 0, ""semanticTree"": 0, ""semantics"": 0}"
board-256-keyed-true,all-labels,300,606,888,300,terminal,251641503,1,base,"{""build"": 445, ""coverage"": 0, ""layout"": 0, ""paint"": 131, ""semanticDiff"": 0, ""semanticEncode"": 0, ""semanticTree"": 0, ""semantics"": 0}"
board-256-keyed-true,reverse,300,507,757,300,terminal,251641503,1,base,"{""build"": 334, ""coverage"": 0, ""layout"": 8, ""paint"": 129, ""semanticDiff"": 0, ""semanticEncode"": 0, ""semanticTree"": 0, ""semantics"": 0}"
board-256-keyed-true,replace-subtree,300,2583,3519,300,terminal,251641503,1,base,"{""build"": 2361, ""coverage"": 0, ""layout"": 26, ""paint"": 150, ""semanticDiff"": 0, ""semanticEncode"": 0, ""semanticTree"": 0, ""semantics"": 0}"
dashboard,mount-first-frame,300,493,681,300,terminal,,2,base,
agent,mount-first-frame,300,174,248,300,terminal,,2,base,
files,mount-first-frame,300,370,537,300,terminal,,2,base,
editor,mount-first-frame,300,176,282,300,terminal,,2,base,
finance,mount-first-frame,300,632,774,300,terminal,,2,base,
board-16-keyed-false,one-label,300,31,33,300,terminal,1359462507,2,base,"{""build"": 5, ""coverage"": 0, ""layout"": 0, ""paint"": 6, ""semanticDiff"": 0, ""semanticEncode"": 0, ""semanticTree"": 0, ""semantics"": 0}"
board-16-keyed-false,all-labels,300,40,42,300,terminal,1359462507,2,base,"{""build"": 14, ""coverage"": 0, ""layout"": 0, ""paint"": 6, ""semanticDiff"": 0, ""semanticEncode"": 0, ""semanticTree"": 0, ""semantics"": 0}"
board-16-keyed-false,reverse,300,43,51,300,terminal,1359462507,2,base,"{""build"": 15, ""coverage"": 0, ""layout"": 1, ""paint"": 7, ""semanticDiff"": 0, ""semanticEncode"": 0, ""semanticTree"": 0, ""semantics"": 0}"
board-16-keyed-false,replace-subtree,300,88,109,300,terminal,1359462507,2,base,"{""build"": 46, ""coverage"": 0, ""layout"": 1, ""paint"": 8, ""semanticDiff"": 0, ""semanticEncode"": 0, ""semanticTree"": 0, ""semantics"": 0}"
board-16-keyed-true,one-label,300,45,53,300,terminal,1359462507,2,base,"{""build"": 19, ""coverage"": 0, ""layout"": 0, ""paint"": 6, ""semanticDiff"": 0, ""semanticEncode"": 0, ""semanticTree"": 0, ""semantics"": 0}"
board-16-keyed-true,all-labels,300,53,61,300,terminal,1359462507,2,base,"{""build"": 27, ""coverage"": 0, ""layout"": 0, ""paint"": 7, ""semanticDiff"": 0, ""semanticEncode"": 0, ""semanticTree"": 0, ""semantics"": 0}"
board-16-keyed-true,reverse,300,49,56,300,terminal,1359462507,2,base,"{""build"": 21, ""coverage"": 0, ""layout"": 0, ""paint"": 7, ""semanticDiff"": 0, ""semanticEncode"": 0, ""semanticTree"": 0, ""semantics"": 0}"
board-16-keyed-true,replace-subtree,300,98,130,300,terminal,1359462507,2,base,"{""build"": 57, ""coverage"": 0, ""layout"": 1, ""paint"": 8, ""semanticDiff"": 0, ""semanticEncode"": 0, ""semanticTree"": 0, ""semantics"": 0}"
board-64-keyed-false,one-label,300,77,88,300,terminal,251641503,2,base,"{""build"": 18, ""coverage"": 0, ""layout"": 0, ""paint"": 36, ""semanticDiff"": 0, ""semanticEncode"": 0, ""semanticTree"": 0, ""semantics"": 0}"
board-64-keyed-false,all-labels,300,114,128,300,terminal,251641503,2,base,"{""build"": 52, ""coverage"": 0, ""layout"": 0, ""paint"": 37, ""semanticDiff"": 0, ""semanticEncode"": 0, ""semanticTree"": 0, ""semantics"": 0}"
board-64-keyed-false,reverse,300,119,152,300,terminal,251641503,2,base,"{""build"": 54, ""coverage"": 0, ""layout"": 3, ""paint"": 38, ""semanticDiff"": 0, ""semanticEncode"": 0, ""semanticTree"": 0, ""semantics"": 0}"
board-64-keyed-false,replace-subtree,300,309,470,300,terminal,251641503,2,base,"{""build"": 238, ""coverage"": 0, ""layout"": 5, ""paint"": 42, ""semanticDiff"": 0, ""semanticEncode"": 0, ""semanticTree"": 0, ""semantics"": 0}"
board-64-keyed-true,one-label,300,138,178,300,terminal,251641503,2,base,"{""build"": 78, ""coverage"": 0, ""layout"": 0, ""paint"": 37, ""semanticDiff"": 0, ""semanticEncode"": 0, ""semanticTree"": 0, ""semantics"": 0}"
board-64-keyed-true,all-labels,300,172,220,300,terminal,251641503,2,base,"{""build"": 111, ""coverage"": 0, ""layout"": 0, ""paint"": 37, ""semanticDiff"": 0, ""semanticEncode"": 0, ""semanticTree"": 0, ""semantics"": 0}"
board-64-keyed-true,reverse,300,151,199,300,terminal,251641503,2,base,"{""build"": 84, ""coverage"": 0, ""layout"": 2, ""paint"": 38, ""semanticDiff"": 0, ""semanticEncode"": 0, ""semanticTree"": 0, ""semantics"": 0}"
board-64-keyed-true,replace-subtree,300,372,574,300,terminal,251641503,2,base,"{""build"": 299, ""coverage"": 0, ""layout"": 5, ""paint"": 42, ""semanticDiff"": 0, ""semanticEncode"": 0, ""semanticTree"": 0, ""semantics"": 0}"
board-256-keyed-false,one-label,300,217,304,300,terminal,251641503,2,base,"{""build"": 68, ""coverage"": 0, ""layout"": 0, ""paint"": 126, ""semanticDiff"": 0, ""semanticEncode"": 0, ""semanticTree"": 0, ""semantics"": 0}"
board-256-keyed-false,all-labels,300,366,492,300,terminal,251641503,2,base,"{""build"": 209, ""coverage"": 0, ""layout"": 0, ""paint"": 131, ""semanticDiff"": 0, ""semanticEncode"": 0, ""semanticTree"": 0, ""semantics"": 0}"
board-256-keyed-false,reverse,300,415,530,300,terminal,251641503,2,base,"{""build"": 223, ""coverage"": 0, ""layout"": 23, ""paint"": 136, ""semanticDiff"": 0, ""semanticEncode"": 0, ""semanticTree"": 0, ""semantics"": 0}"
board-256-keyed-false,replace-subtree,300,2309,3013,300,terminal,251641503,2,base,"{""build"": 2093, ""coverage"": 0, ""layout"": 25, ""paint"": 150, ""semanticDiff"": 0, ""semanticEncode"": 0, ""semanticTree"": 0, ""semantics"": 0}"
board-256-keyed-true,one-label,300,458,681,300,terminal,251641503,2,base,"{""build"": 305, ""coverage"": 0, ""layout"": 0, ""paint"": 125, ""semanticDiff"": 0, ""semanticEncode"": 0, ""semanticTree"": 0, ""semantics"": 0}"
board-256-keyed-true,all-labels,300,608,949,300,terminal,251641503,2,base,"{""build"": 446, ""coverage"": 0, ""layout"": 0, ""paint"": 132, ""semanticDiff"": 0, ""semanticEncode"": 0, ""semanticTree"": 0, ""semantics"": 0}"
board-256-keyed-true,reverse,300,514,764,300,terminal,251641503,2,base,"{""build"": 335, ""coverage"": 0, ""layout"": 8, ""paint"": 130, ""semanticDiff"": 0, ""semanticEncode"": 0, ""semanticTree"": 0, ""semantics"": 0}"
board-256-keyed-true,replace-subtree,300,2596,3375,300,terminal,251641503,2,base,"{""build"": 2360, ""coverage"": 0, ""layout"": 25, ""paint"": 151, ""semanticDiff"": 0, ""semanticEncode"": 0, ""semanticTree"": 0, ""semantics"": 0}"
dashboard,mount-first-frame,300,484,687,300,terminal,,2,candidate,
agent,mount-first-frame,300,172,250,300,terminal,,2,candidate,
files,mount-first-frame,300,355,549,300,terminal,,2,candidate,
editor,mount-first-frame,300,178,272,300,terminal,,2,candidate,
finance,mount-first-frame,300,631,801,300,terminal,,2,candidate,
board-16-keyed-false,one-label,300,31,38,300,terminal,1359462507,2,candidate,"{""build"": 5, ""coverage"": 0, ""layout"": 0, ""paint"": 6, ""semanticDiff"": 0, ""semanticEncode"": 0, ""semanticTree"": 0, ""semantics"": 0}"
board-16-keyed-false,all-labels,300,40,43,300,terminal,1359462507,2,candidate,"{""build"": 14, ""coverage"": 0, ""layout"": 0, ""paint"": 6, ""semanticDiff"": 0, ""semanticEncode"": 0, ""semanticTree"": 0, ""semantics"": 0}"
board-16-keyed-false,reverse,300,43,49,300,terminal,1359462507,2,candidate,"{""build"": 14, ""coverage"": 0, ""layout"": 1, ""paint"": 7, ""semanticDiff"": 0, ""semanticEncode"": 0, ""semanticTree"": 0, ""semantics"": 0}"
board-16-keyed-false,replace-subtree,300,86,108,300,terminal,1359462507,2,candidate,"{""build"": 44, ""coverage"": 0, ""layout"": 1, ""paint"": 8, ""semanticDiff"": 0, ""semanticEncode"": 0, ""semanticTree"": 0, ""semantics"": 0}"
board-16-keyed-true,one-label,300,44,47,300,terminal,1359462507,2,candidate,"{""build"": 19, ""coverage"": 0, ""layout"": 0, ""paint"": 6, ""semanticDiff"": 0, ""semanticEncode"": 0, ""semanticTree"": 0, ""semantics"": 0}"
board-16-keyed-true,all-labels,300,53,67,300,terminal,1359462507,2,candidate,"{""build"": 27, ""coverage"": 0, ""layout"": 0, ""paint"": 6, ""semanticDiff"": 0, ""semanticEncode"": 0, ""semanticTree"": 0, ""semantics"": 0}"
board-16-keyed-true,reverse,300,48,55,300,terminal,1359462507,2,candidate,"{""build"": 21, ""coverage"": 0, ""layout"": 0, ""paint"": 7, ""semanticDiff"": 0, ""semanticEncode"": 0, ""semanticTree"": 0, ""semantics"": 0}"
board-16-keyed-true,replace-subtree,300,98,135,300,terminal,1359462507,2,candidate,"{""build"": 57, ""coverage"": 0, ""layout"": 1, ""paint"": 8, ""semanticDiff"": 0, ""semanticEncode"": 0, ""semanticTree"": 0, ""semantics"": 0}"
board-64-keyed-false,one-label,300,78,100,300,terminal,251641503,2,candidate,"{""build"": 18, ""coverage"": 0, ""layout"": 0, ""paint"": 36, ""semanticDiff"": 0, ""semanticEncode"": 0, ""semanticTree"": 0, ""semantics"": 0}"
board-64-keyed-false,all-labels,300,114,140,300,terminal,251641503,2,candidate,"{""build"": 53, ""coverage"": 0, ""layout"": 0, ""paint"": 37, ""semanticDiff"": 0, ""semanticEncode"": 0, ""semanticTree"": 0, ""semantics"": 0}"
board-64-keyed-false,reverse,300,120,152,300,terminal,251641503,2,candidate,"{""build"": 54, ""coverage"": 0, ""layout"": 3, ""paint"": 38, ""semanticDiff"": 0, ""semanticEncode"": 0, ""semanticTree"": 0, ""semantics"": 0}"
board-64-keyed-false,replace-subtree,300,310,498,300,terminal,251641503,2,candidate,"{""build"": 239, ""coverage"": 0, ""layout"": 5, ""paint"": 42, ""semanticDiff"": 0, ""semanticEncode"": 0, ""semanticTree"": 0, ""semantics"": 0}"
board-64-keyed-true,one-label,300,135,158,300,terminal,251641503,2,candidate,"{""build"": 75, ""coverage"": 0, ""layout"": 0, ""paint"": 37, ""semanticDiff"": 0, ""semanticEncode"": 0, ""semanticTree"": 0, ""semantics"": 0}"
board-64-keyed-true,all-labels,300,170,215,300,terminal,251641503,2,candidate,"{""build"": 108, ""coverage"": 0, ""layout"": 0, ""paint"": 38, ""semanticDiff"": 0, ""semanticEncode"": 0, ""semanticTree"": 0, ""semantics"": 0}"
board-64-keyed-true,reverse,300,149,205,300,terminal,251641503,2,candidate,"{""build"": 82, ""coverage"": 0, ""layout"": 2, ""paint"": 38, ""semanticDiff"": 0, ""semanticEncode"": 0, ""semanticTree"": 0, ""semantics"": 0}"
board-64-keyed-true,replace-subtree,300,368,574,300,terminal,251641503,2,candidate,"{""build"": 297, ""coverage"": 0, ""layout"": 5, ""paint"": 42, ""semanticDiff"": 0, ""semanticEncode"": 0, ""semanticTree"": 0, ""semantics"": 0}"
board-256-keyed-false,one-label,300,224,286,300,terminal,251641503,2,candidate,"{""build"": 70, ""coverage"": 0, ""layout"": 0, ""paint"": 129, ""semanticDiff"": 0, ""semanticEncode"": 0, ""semanticTree"": 0, ""semantics"": 0}"
board-256-keyed-false,all-labels,300,364,469,300,terminal,251641503,2,candidate,"{""build"": 209, ""coverage"": 0, ""layout"": 0, ""paint"": 131, ""semanticDiff"": 0, ""semanticEncode"": 0, ""semanticTree"": 0, ""semantics"": 0}"
board-256-keyed-false,reverse,300,406,527,300,terminal,251641503,2,candidate,"{""build"": 214, ""coverage"": 0, ""layout"": 23, ""paint"": 135, ""semanticDiff"": 0, ""semanticEncode"": 0, ""semanticTree"": 0, ""semantics"": 0}"
board-256-keyed-false,replace-subtree,300,2261,2986,300,terminal,251641503,2,candidate,"{""build"": 2038, ""coverage"": 0, ""layout"": 24, ""paint"": 148, ""semanticDiff"": 0, ""semanticEncode"": 0, ""semanticTree"": 0, ""semantics"": 0}"
board-256-keyed-true,one-label,300,459,682,300,terminal,251641503,2,candidate,"{""build"": 305, ""coverage"": 0, ""layout"": 0, ""paint"": 127, ""semanticDiff"": 0, ""semanticEncode"": 0, ""semanticTree"": 0, ""semantics"": 0}"
board-256-keyed-true,all-labels,300,599,882,300,terminal,251641503,2,candidate,"{""build"": 440, ""coverage"": 0, ""layout"": 0, ""paint"": 129, ""semanticDiff"": 0, ""semanticEncode"": 0, ""semanticTree"": 0, ""semantics"": 0}"
board-256-keyed-true,reverse,300,511,744,300,terminal,251641503,2,candidate,"{""build"": 336, ""coverage"": 0, ""layout"": 8, ""paint"": 130, ""semanticDiff"": 0, ""semanticEncode"": 0, ""semanticTree"": 0, ""semantics"": 0}"
board-256-keyed-true,replace-subtree,300,2634,3321,300,terminal,251641503,2,candidate,"{""build"": 2393, ""coverage"": 0, ""layout"": 27, ""paint"": 152, ""semanticDiff"": 0, ""semanticEncode"": 0, ""semanticTree"": 0, ""semantics"": 0}"
board-16-keyed-false,one-label,300,122,214,300,structured,1359462507,0,base,"{""build"": 6, ""coverage"": 12, ""layout"": 0, ""paint"": 6, ""semanticDiff"": 4, ""semanticEncode"": 5, ""semanticTree"": 60, ""semantics"": 83}"
board-16-keyed-false,all-labels,300,287,381,300,structured,1359462507,0,base,"{""build"": 14, ""coverage"": 24, ""layout"": 0, ""paint"": 7, ""semanticDiff"": 5, ""semanticEncode"": 68, ""semanticTree"": 62, ""semantics"": 164}"
board-16-keyed-false,reverse,300,286,381,300,structured,1359462507,0,base,"{""build"": 15, ""coverage"": 24, ""layout"": 1, ""paint"": 7, ""semanticDiff"": 5, ""semanticEncode"": 67, ""semanticTree"": 61, ""semantics"": 160}"
board-16-keyed-false,replace-subtree,300,383,498,300,structured,1359462507,0,base,"{""build"": 47, ""coverage"": 25, ""layout"": 1, ""paint"": 8, ""semanticDiff"": 5, ""semanticEncode"": 109, ""semanticTree"": 65, ""semantics"": 208}"
board-16-keyed-true,one-label,300,112,139,300,structured,1359462507,0,base,"{""build"": 20, ""coverage"": 13, ""layout"": 0, ""paint"": 7, ""semanticDiff"": 4, ""semanticEncode"": 5, ""semanticTree"": 32, ""semantics"": 57}"
board-16-keyed-true,all-labels,300,252,328,300,structured,1359462507,0,base,"{""build"": 28, ""coverage"": 24, ""layout"": 0, ""paint"": 7, ""semanticDiff"": 5, ""semanticEncode"": 56, ""semanticTree"": 32, ""semantics"": 118}"
board-16-keyed-true,reverse,300,268,339,300,structured,1359462507,0,base,"{""build"": 21, ""coverage"": 24, ""layout"": 0, ""paint"": 7, ""semanticDiff"": 5, ""semanticEncode"": 75, ""semanticTree"": 31, ""semantics"": 138}"
board-16-keyed-true,replace-subtree,300,315,425,300,structured,1359462507,0,base,"{""build"": 58, ""coverage"": 24, ""layout"": 1, ""paint"": 8, ""semanticDiff"": 5, ""semanticEncode"": 78, ""semanticTree"": 33, ""semantics"": 141}"
board-64-keyed-false,one-label,300,363,469,300,structured,251641503,0,base,"{""build"": 18, ""coverage"": 15, ""layout"": 0, ""paint"": 37, ""semanticDiff"": 17, ""semanticEncode"": 5, ""semanticTree"": 235, ""semantics"": 276}"
board-64-keyed-false,all-labels,300,894,1102,300,structured,251641503,0,base,"{""build"": 56, ""coverage"": 47, ""layout"": 0, ""paint"": 38, ""semanticDiff"": 21, ""semanticEncode"": 257, ""semanticTree"": 244, ""semantics"": 578}"
board-64-keyed-false,reverse,300,887,1099,300,structured,251641503,0,base,"{""build"": 55, ""coverage"": 47, ""layout"": 3, ""paint"": 38, ""semanticDiff"": 21, ""semanticEncode"": 256, ""semanticTree"": 242, ""semantics"": 569}"
board-64-keyed-false,replace-subtree,300,1275,1546,300,structured,251641503,0,base,"{""build"": 245, ""coverage"": 47, ""layout"": 5, ""paint"": 43, ""semanticDiff"": 22, ""semanticEncode"": 413, ""semanticTree"": 249, ""semantics"": 745}"
board-64-keyed-true,one-label,300,304,398,300,structured,251641503,0,base,"{""build"": 77, ""coverage"": 16, ""layout"": 0, ""paint"": 37, ""semanticDiff"": 17, ""semanticEncode"": 4, ""semanticTree"": 118, ""semantics"": 159}"
board-64-keyed-true,all-labels,300,786,972,300,structured,251641503,0,base,"{""build"": 113, ""coverage"": 47, ""layout"": 0, ""paint"": 39, ""semanticDiff"": 20, ""semanticEncode"": 213, ""semanticTree"": 125, ""semantics"": 410}"
board-64-keyed-true,reverse,300,810,984,300,structured,251641503,0,base,"{""build"": 86, ""coverage"": 47, ""layout"": 2, ""paint"": 39, ""semanticDiff"": 22, ""semanticEncode"": 259, ""semanticTree"": 123, ""semantics"": 458}"
board-64-keyed-true,replace-subtree,300,1081,1363,300,structured,251641503,0,base,"{""build"": 301, ""coverage"": 47, ""layout"": 5, ""paint"": 43, ""semanticDiff"": 21, ""semanticEncode"": 301, ""semanticTree"": 130, ""semantics"": 503}"
board-256-keyed-false,one-label,300,1301,1541,300,structured,251641503,0,base,"{""build"": 73, ""coverage"": 24, ""layout"": 0, ""paint"": 131, ""semanticDiff"": 68, ""semanticEncode"": 6, ""semanticTree"": 943, ""semantics"": 1046}"
board-256-keyed-false,all-labels,300,2909,3212,300,structured,251641503,0,base,"{""build"": 233, ""coverage"": 59, ""layout"": 0, ""paint"": 140, ""semanticDiff"": 96, ""semanticEncode"": 1067, ""semanticTree"": 999, ""semantics"": 2275}"
board-256-keyed-false,reverse,300,2922,3407,300,structured,251641503,0,base,"{""build"": 241, ""coverage"": 59, ""layout"": 25, ""paint"": 142, ""semanticDiff"": 99, ""semanticEncode"": 1073, ""semanticTree"": 989, ""semantics"": 2280}"
board-256-keyed-false,replace-subtree,300,5706,6542,300,structured,251641503,0,base,"{""build"": 2197, ""coverage"": 58, ""layout"": 28, ""paint"": 153, ""semanticDiff"": 101, ""semanticEncode"": 1870, ""semanticTree"": 1006, ""semantics"": 3070}"
board-256-keyed-true,one-label,300,1048,1437,300,structured,251641503,0,base,"{""build"": 303, ""coverage"": 25, ""layout"": 0, ""paint"": 129, ""semanticDiff"": 70, ""semanticEncode"": 5, ""semanticTree"": 470, ""semantics"": 575}"
board-256-keyed-true,all-labels,300,2387,2860,300,structured,251641503,0,base,"{""build"": 470, ""coverage"": 58, ""layout"": 0, ""paint"": 139, ""semanticDiff"": 93, ""semanticEncode"": 828, ""semanticTree"": 510, ""semantics"": 1525}"
board-256-keyed-true,reverse,300,1855,2269,300,structured,251641503,0,base,"{""build"": 346, ""coverage"": 58, ""layout"": 10, ""paint"": 139, ""semanticDiff"": 80, ""semanticEncode"": 454, ""semanticTree"": 493, ""semantics"": 1105}"
board-256-keyed-true,replace-subtree,300,4803,5692,300,structured,251641503,0,base,"{""build"": 2445, ""coverage"": 57, ""layout"": 25, ""paint"": 149, ""semanticDiff"": 94, ""semanticEncode"": 1239, ""semanticTree"": 515, ""semantics"": 1957}"
board-16-keyed-false,one-label,300,88,158,300,structured,1359462507,0,candidate,"{""build"": 5, ""coverage"": 12, ""layout"": 0, ""paint"": 6, ""semanticDiff"": 4, ""semanticEncode"": 5, ""semanticTree"": 27, ""semantics"": 50}"
board-16-keyed-false,all-labels,300,249,346,300,structured,1359462507,0,candidate,"{""build"": 14, ""coverage"": 24, ""layout"": 0, ""paint"": 7, ""semanticDiff"": 5, ""semanticEncode"": 66, ""semanticTree"": 29, ""semantics"": 126}"
board-16-keyed-false,reverse,300,251,343,300,structured,1359462507,0,candidate,"{""build"": 15, ""coverage"": 24, ""layout"": 1, ""paint"": 7, ""semanticDiff"": 5, ""semanticEncode"": 67, ""semanticTree"": 29, ""semantics"": 127}"
board-16-keyed-false,replace-subtree,300,332,445,300,structured,1359462507,0,candidate,"{""build"": 45, ""coverage"": 24, ""layout"": 1, ""paint"": 8, ""semanticDiff"": 5, ""semanticEncode"": 104, ""semanticTree"": 32, ""semantics"": 167}"
board-16-keyed-true,one-label,300,100,129,300,structured,1359462507,0,candidate,"{""build"": 19, ""coverage"": 12, ""layout"": 0, ""paint"": 6, ""semanticDiff"": 4, ""semanticEncode"": 4, ""semanticTree"": 24, ""semantics"": 47}"
board-16-keyed-true,all-labels,300,243,317,300,structured,1359462507,0,candidate,"{""build"": 27, ""coverage"": 24, ""layout"": 0, ""paint"": 7, ""semanticDiff"": 5, ""semanticEncode"": 55, ""semanticTree"": 25, ""semantics"": 110}"
board-16-keyed-true,reverse,300,260,339,300,structured,1359462507,0,candidate,"{""build"": 21, ""coverage"": 24, ""layout"": 0, ""paint"": 7, ""semanticDiff"": 5, ""semanticEncode"": 74, ""semanticTree"": 25, ""semantics"": 131}"
board-16-keyed-true,replace-subtree,300,308,400,300,structured,1359462507,0,candidate,"{""build"": 58, ""coverage"": 24, ""layout"": 1, ""paint"": 8, ""semanticDiff"": 5, ""semanticEncode"": 77, ""semanticTree"": 28, ""semantics"": 135}"
board-64-keyed-false,one-label,300,212,307,300,structured,251641503,0,candidate,"{""build"": 18, ""coverage"": 15, ""layout"": 0, ""paint"": 37, ""semanticDiff"": 17, ""semanticEncode"": 5, ""semanticTree"": 87, ""semantics"": 126}"
board-64-keyed-false,all-labels,300,733,935,300,structured,251641503,0,candidate,"{""build"": 55, ""coverage"": 47, ""layout"": 0, ""paint"": 38, ""semanticDiff"": 21, ""semanticEncode"": 252, ""semanticTree"": 96, ""semantics"": 420}"
board-64-keyed-false,reverse,300,727,901,300,structured,251641503,0,candidate,"{""build"": 55, ""coverage"": 46, ""layout"": 3, ""paint"": 39, ""semanticDiff"": 21, ""semanticEncode"": 249, ""semanticTree"": 94, ""semantics"": 413}"
board-64-keyed-false,replace-subtree,300,1104,1376,300,structured,251641503,0,candidate,"{""build"": 243, ""coverage"": 47, ""layout"": 5, ""paint"": 43, ""semanticDiff"": 22, ""semanticEncode"": 403, ""semanticTree"": 115, ""semantics"": 586}"
board-64-keyed-true,one-label,300,264,358,300,structured,251641503,0,candidate,"{""build"": 77, ""coverage"": 15, ""layout"": 0, ""paint"": 37, ""semanticDiff"": 17, ""semanticEncode"": 4, ""semanticTree"": 79, ""semantics"": 118}"
board-64-keyed-true,all-labels,300,725,909,300,structured,251641503,0,candidate,"{""build"": 111, ""coverage"": 46, ""layout"": 0, ""paint"": 38, ""semanticDiff"": 20, ""semanticEncode"": 208, ""semanticTree"": 81, ""semantics"": 358}"
board-64-keyed-true,reverse,300,763,945,300,structured,251641503,0,candidate,"{""build"": 85, ""coverage"": 46, ""layout"": 2, ""paint"": 39, ""semanticDiff"": 23, ""semanticEncode"": 258, ""semanticTree"": 81, ""semantics"": 412}"
board-64-keyed-true,replace-subtree,300,1023,1347,300,structured,251641503,0,candidate,"{""build"": 297, ""coverage"": 46, ""layout"": 5, ""paint"": 42, ""semanticDiff"": 21, ""semanticEncode"": 296, ""semanticTree"": 99, ""semantics"": 464}"
board-256-keyed-false,one-label,300,672,859,300,structured,251641503,0,candidate,"{""build"": 70, ""coverage"": 24, ""layout"": 0, ""paint"": 129, ""semanticDiff"": 68, ""semanticEncode"": 5, ""semanticTree"": 333, ""semantics"": 436}"
board-256-keyed-false,all-labels,300,2164,2530,300,structured,251641503,0,candidate,"{""build"": 221, ""coverage"": 56, ""layout"": 0, ""paint"": 132, ""semanticDiff"": 91, ""semanticEncode"": 1026, ""semanticTree"": 366, ""semantics"": 1560}"
board-256-keyed-false,reverse,300,2250,2561,300,structured,251641503,0,candidate,"{""build"": 233, ""coverage"": 56, ""layout"": 24, ""paint"": 138, ""semanticDiff"": 93, ""semanticEncode"": 1048, ""semanticTree"": 367, ""semantics"": 1597}"
board-256-keyed-false,replace-subtree,300,5146,5674,300,structured,251641503,0,candidate,"{""build"": 2224, ""coverage"": 57, ""layout"": 27, ""paint"": 151, ""semanticDiff"": 97, ""semanticEncode"": 1799, ""semanticTree"": 457, ""semantics"": 2433}"
board-256-keyed-true,one-label,300,863,1261,300,structured,251641503,0,candidate,"{""build"": 305, ""coverage"": 24, ""layout"": 0, ""paint"": 129, ""semanticDiff"": 68, ""semanticEncode"": 5, ""semanticTree"": 295, ""semantics"": 395}"
board-256-keyed-true,all-labels,300,2194,2649,300,structured,251641503,0,candidate,"{""build"": 468, ""coverage"": 57, ""layout"": 0, ""paint"": 138, ""semanticDiff"": 89, ""semanticEncode"": 813, ""semanticTree"": 329, ""semantics"": 1326}"
board-256-keyed-true,reverse,300,1656,2050,300,structured,251641503,0,candidate,"{""build"": 345, ""coverage"": 56, ""layout"": 9, ""paint"": 135, ""semanticDiff"": 75, ""semanticEncode"": 439, ""semanticTree"": 304, ""semantics"": 888}"
board-256-keyed-true,replace-subtree,300,4653,5627,300,structured,251641503,0,candidate,"{""build"": 2425, ""coverage"": 57, ""layout"": 26, ""paint"": 151, ""semanticDiff"": 93, ""semanticEncode"": 1231, ""semanticTree"": 394, ""semantics"": 1802}"
board-16-keyed-false,one-label,300,87,147,300,structured,1359462507,1,candidate,"{""build"": 5, ""coverage"": 12, ""layout"": 0, ""paint"": 6, ""semanticDiff"": 4, ""semanticEncode"": 5, ""semanticTree"": 27, ""semantics"": 49}"
board-16-keyed-false,all-labels,300,251,332,300,structured,1359462507,1,candidate,"{""build"": 14, ""coverage"": 24, ""layout"": 0, ""paint"": 7, ""semanticDiff"": 5, ""semanticEncode"": 67, ""semanticTree"": 29, ""semantics"": 128}"
board-16-keyed-false,reverse,300,253,340,300,structured,1359462507,1,candidate,"{""build"": 14, ""coverage"": 24, ""layout"": 1, ""paint"": 7, ""semanticDiff"": 5, ""semanticEncode"": 66, ""semanticTree"": 29, ""semantics"": 127}"
board-16-keyed-false,replace-subtree,300,334,445,300,structured,1359462507,1,candidate,"{""build"": 45, ""coverage"": 24, ""layout"": 1, ""paint"": 8, ""semanticDiff"": 5, ""semanticEncode"": 103, ""semanticTree"": 32, ""semantics"": 167}"
board-16-keyed-true,one-label,300,99,133,300,structured,1359462507,1,candidate,"{""build"": 19, ""coverage"": 12, ""layout"": 0, ""paint"": 6, ""semanticDiff"": 4, ""semanticEncode"": 4, ""semanticTree"": 25, ""semantics"": 47}"
board-16-keyed-true,all-labels,300,249,330,300,structured,1359462507,1,candidate,"{""build"": 28, ""coverage"": 24, ""layout"": 0, ""paint"": 7, ""semanticDiff"": 5, ""semanticEncode"": 56, ""semanticTree"": 26, ""semantics"": 114}"
board-16-keyed-true,reverse,300,258,316,300,structured,1359462507,1,candidate,"{""build"": 21, ""coverage"": 24, ""layout"": 0, ""paint"": 7, ""semanticDiff"": 5, ""semanticEncode"": 75, ""semanticTree"": 25, ""semantics"": 131}"
board-16-keyed-true,replace-subtree,300,315,410,300,structured,1359462507,1,candidate,"{""build"": 59, ""coverage"": 24, ""layout"": 1, ""paint"": 8, ""semanticDiff"": 5, ""semanticEncode"": 79, ""semanticTree"": 28, ""semantics"": 138}"
board-64-keyed-false,one-label,300,215,301,300,structured,251641503,1,candidate,"{""build"": 18, ""coverage"": 15, ""layout"": 0, ""paint"": 37, ""semanticDiff"": 17, ""semanticEncode"": 5, ""semanticTree"": 89, ""semantics"": 129}"
board-64-keyed-false,all-labels,300,737,918,300,structured,251641503,1,candidate,"{""build"": 54, ""coverage"": 46, ""layout"": 0, ""paint"": 38, ""semanticDiff"": 21, ""semanticEncode"": 255, ""semanticTree"": 96, ""semantics"": 424}"
board-64-keyed-false,reverse,300,746,976,300,structured,251641503,1,candidate,"{""build"": 55, ""coverage"": 46, ""layout"": 3, ""paint"": 40, ""semanticDiff"": 21, ""semanticEncode"": 255, ""semanticTree"": 96, ""semantics"": 423}"
board-64-keyed-false,replace-subtree,300,1109,1411,300,structured,251641503,1,candidate,"{""build"": 240, ""coverage"": 46, ""layout"": 5, ""paint"": 43, ""semanticDiff"": 21, ""semanticEncode"": 406, ""semanticTree"": 115, ""semantics"": 589}"
board-64-keyed-true,one-label,300,262,372,300,structured,251641503,1,candidate,"{""build"": 77, ""coverage"": 15, ""layout"": 0, ""paint"": 37, ""semanticDiff"": 16, ""semanticEncode"": 4, ""semanticTree"": 79, ""semantics"": 117}"
board-64-keyed-true,all-labels,300,729,962,300,structured,251641503,1,candidate,"{""build"": 113, ""coverage"": 46, ""layout"": 0, ""paint"": 38, ""semanticDiff"": 19, ""semanticEncode"": 207, ""semanticTree"": 81, ""semantics"": 357}"
board-64-keyed-true,reverse,300,760,951,300,structured,251641503,1,candidate,"{""build"": 85, ""coverage"": 46, ""layout"": 2, ""paint"": 39, ""semanticDiff"": 20, ""semanticEncode"": 253, ""semanticTree"": 82, ""semantics"": 405}"
board-64-keyed-true,replace-subtree,300,1035,1332,300,structured,251641503,1,candidate,"{""build"": 302, ""coverage"": 46, ""layout"": 5, ""paint"": 43, ""semanticDiff"": 20, ""semanticEncode"": 292, ""semanticTree"": 100, ""semantics"": 459}"
board-256-keyed-false,one-label,300,670,842,300,structured,251641503,1,candidate,"{""build"": 68, ""coverage"": 24, ""layout"": 0, ""paint"": 127, ""semanticDiff"": 68, ""semanticEncode"": 5, ""semanticTree"": 333, ""semantics"": 433}"
board-256-keyed-false,all-labels,300,2213,2478,300,structured,251641503,1,candidate,"{""build"": 224, ""coverage"": 57, ""layout"": 0, ""paint"": 138, ""semanticDiff"": 93, ""semanticEncode"": 1048, ""semanticTree"": 378, ""semantics"": 1618}"
board-256-keyed-false,reverse,300,2273,2623,300,structured,251641503,1,candidate,"{""build"": 233, ""coverage"": 58, ""layout"": 25, ""paint"": 142, ""semanticDiff"": 95, ""semanticEncode"": 1060, ""semanticTree"": 381, ""semantics"": 1629}"
board-256-keyed-false,replace-subtree,300,5118,5664,300,structured,251641503,1,candidate,"{""build"": 2225, ""coverage"": 57, ""layout"": 27, ""paint"": 151, ""semanticDiff"": 97, ""semanticEncode"": 1802, ""semanticTree"": 459, ""semantics"": 2434}"
board-256-keyed-true,one-label,300,894,1236,300,structured,251641503,1,candidate,"{""build"": 311, ""coverage"": 25, ""layout"": 0, ""paint"": 128, ""semanticDiff"": 69, ""semanticEncode"": 5, ""semanticTree"": 304, ""semantics"": 409}"
board-256-keyed-true,all-labels,300,2208,2627,300,structured,251641503,1,candidate,"{""build"": 475, ""coverage"": 57, ""layout"": 0, ""paint"": 137, ""semanticDiff"": 90, ""semanticEncode"": 820, ""semanticTree"": 334, ""semantics"": 1333}"
board-256-keyed-true,reverse,300,1660,2112,300,structured,251641503,1,candidate,"{""build"": 351, ""coverage"": 57, ""layout"": 9, ""paint"": 136, ""semanticDiff"": 78, ""semanticEncode"": 446, ""semanticTree"": 312, ""semantics"": 902}"
board-256-keyed-true,replace-subtree,300,4700,5705,300,structured,251641503,1,candidate,"{""build"": 2440, ""coverage"": 57, ""layout"": 26, ""paint"": 152, ""semanticDiff"": 95, ""semanticEncode"": 1243, ""semanticTree"": 395, ""semantics"": 1817}"
board-16-keyed-false,one-label,300,121,204,300,structured,1359462507,1,base,"{""build"": 5, ""coverage"": 12, ""layout"": 0, ""paint"": 7, ""semanticDiff"": 4, ""semanticEncode"": 5, ""semanticTree"": 60, ""semantics"": 82}"
board-16-keyed-false,all-labels,300,285,380,300,structured,1359462507,1,base,"{""build"": 14, ""coverage"": 24, ""layout"": 0, ""paint"": 7, ""semanticDiff"": 5, ""semanticEncode"": 67, ""semanticTree"": 62, ""semantics"": 161}"
board-16-keyed-false,reverse,300,287,381,300,structured,1359462507,1,base,"{""build"": 15, ""coverage"": 24, ""layout"": 1, ""paint"": 7, ""semanticDiff"": 5, ""semanticEncode"": 68, ""semanticTree"": 62, ""semantics"": 161}"
board-16-keyed-false,replace-subtree,300,369,477,300,structured,1359462507,1,base,"{""build"": 45, ""coverage"": 24, ""layout"": 1, ""paint"": 8, ""semanticDiff"": 5, ""semanticEncode"": 105, ""semanticTree"": 63, ""semantics"": 201}"
board-16-keyed-true,one-label,300,106,143,300,structured,1359462507,1,base,"{""build"": 20, ""coverage"": 12, ""layout"": 0, ""paint"": 6, ""semanticDiff"": 4, ""semanticEncode"": 4, ""semanticTree"": 31, ""semantics"": 53}"
board-16-keyed-true,all-labels,300,250,317,300,structured,1359462507,1,base,"{""build"": 28, ""coverage"": 24, ""layout"": 0, ""paint"": 7, ""semanticDiff"": 5, ""semanticEncode"": 56, ""semanticTree"": 31, ""semantics"": 117}"
board-16-keyed-true,reverse,300,266,337,300,structured,1359462507,1,base,"{""build"": 21, ""coverage"": 24, ""layout"": 0, ""paint"": 7, ""semanticDiff"": 5, ""semanticEncode"": 74, ""semanticTree"": 31, ""semantics"": 137}"
board-16-keyed-true,replace-subtree,300,317,442,300,structured,1359462507,1,base,"{""build"": 58, ""coverage"": 24, ""layout"": 1, ""paint"": 8, ""semanticDiff"": 5, ""semanticEncode"": 78, ""semanticTree"": 33, ""semantics"": 141}"
board-64-keyed-false,one-label,300,367,475,300,structured,251641503,1,base,"{""build"": 19, ""coverage"": 15, ""layout"": 0, ""paint"": 38, ""semanticDiff"": 17, ""semanticEncode"": 5, ""semanticTree"": 238, ""semantics"": 279}"
board-64-keyed-false,all-labels,300,886,1112,300,structured,251641503,1,base,"{""build"": 54, ""coverage"": 47, ""layout"": 0, ""paint"": 38, ""semanticDiff"": 21, ""semanticEncode"": 257, ""semanticTree"": 243, ""semantics"": 572}"
board-64-keyed-false,reverse,300,903,1093,300,structured,251641503,1,base,"{""build"": 57, ""coverage"": 46, ""layout"": 3, ""paint"": 40, ""semanticDiff"": 21, ""semanticEncode"": 258, ""semanticTree"": 244, ""semantics"": 577}"
board-64-keyed-false,replace-subtree,300,1260,1522,300,structured,251641503,1,base,"{""build"": 245, ""coverage"": 46, ""layout"": 5, ""paint"": 43, ""semanticDiff"": 21, ""semanticEncode"": 412, ""semanticTree"": 247, ""semantics"": 737}"
board-64-keyed-true,one-label,300,305,406,300,structured,251641503,1,base,"{""build"": 79, ""coverage"": 16, ""layout"": 0, ""paint"": 37, ""semanticDiff"": 17, ""semanticEncode"": 4, ""semanticTree"": 117, ""semantics"": 158}"
board-64-keyed-true,all-labels,300,774,987,300,structured,251641503,1,base,"{""build"": 113, ""coverage"": 47, ""layout"": 0, ""paint"": 38, ""semanticDiff"": 20, ""semanticEncode"": 210, ""semanticTree"": 122, ""semantics"": 403}"
board-64-keyed-true,reverse,300,799,977,300,structured,251641503,1,base,"{""build"": 85, ""coverage"": 46, ""layout"": 2, ""paint"": 39, ""semanticDiff"": 22, ""semanticEncode"": 258, ""semanticTree"": 122, ""semantics"": 451}"
board-64-keyed-true,replace-subtree,300,1072,1382,300,structured,251641503,1,base,"{""build"": 302, ""coverage"": 47, ""layout"": 5, ""paint"": 43, ""semanticDiff"": 21, ""semanticEncode"": 301, ""semanticTree"": 129, ""semantics"": 500}"
board-256-keyed-false,one-label,300,1314,1548,300,structured,251641503,1,base,"{""build"": 74, ""coverage"": 25, ""layout"": 0, ""paint"": 132, ""semanticDiff"": 70, ""semanticEncode"": 6, ""semanticTree"": 942, ""semantics"": 1053}"
board-256-keyed-false,all-labels,300,2889,3332,300,structured,251641503,1,base,"{""build"": 233, ""coverage"": 58, ""layout"": 0, ""paint"": 138, ""semanticDiff"": 98, ""semanticEncode"": 1059, ""semanticTree"": 983, ""semantics"": 2277}"
board-256-keyed-false,reverse,300,2960,3457,300,structured,251641503,1,base,"{""build"": 249, ""coverage"": 58, ""layout"": 25, ""paint"": 143, ""semanticDiff"": 101, ""semanticEncode"": 1084, ""semanticTree"": 999, ""semantics"": 2295}"
board-256-keyed-false,replace-subtree,300,5711,6612,300,structured,251641503,1,base,"{""build"": 2175, ""coverage"": 58, ""layout"": 27, ""paint"": 155, ""semanticDiff"": 101, ""semanticEncode"": 1866, ""semanticTree"": 1001, ""semantics"": 3064}"
board-256-keyed-true,one-label,300,1034,1408,300,structured,251641503,1,base,"{""build"": 301, ""coverage"": 25, ""layout"": 0, ""paint"": 127, ""semanticDiff"": 67, ""semanticEncode"": 5, ""semanticTree"": 466, ""semantics"": 565}"
board-256-keyed-true,all-labels,300,2381,3406,300,structured,251641503,1,base,"{""build"": 466, ""coverage"": 58, ""layout"": 0, ""paint"": 137, ""semanticDiff"": 89, ""semanticEncode"": 816, ""semanticTree"": 498, ""semantics"": 1520}"
board-256-keyed-true,reverse,300,1783,2296,300,structured,251641503,1,base,"{""build"": 338, ""coverage"": 57, ""layout"": 9, ""paint"": 133, ""semanticDiff"": 75, ""semanticEncode"": 444, ""semanticTree"": 478, ""semantics"": 1058}"
board-256-keyed-true,replace-subtree,300,4870,5770,300,structured,251641503,1,base,"{""build"": 2431, ""coverage"": 57, ""layout"": 27, ""paint"": 152, ""semanticDiff"": 97, ""semanticEncode"": 1252, ""semanticTree"": 523, ""semantics"": 1968}"
board-16-keyed-false,one-label,300,121,198,300,structured,1359462507,2,base,"{""build"": 5, ""coverage"": 12, ""layout"": 0, ""paint"": 6, ""semanticDiff"": 4, ""semanticEncode"": 5, ""semanticTree"": 59, ""semantics"": 82}"
board-16-keyed-false,all-labels,300,286,374,300,structured,1359462507,2,base,"{""build"": 14, ""coverage"": 24, ""layout"": 0, ""paint"": 7, ""semanticDiff"": 5, ""semanticEncode"": 67, ""semanticTree"": 62, ""semantics"": 162}"
board-16-keyed-false,reverse,300,291,389,300,structured,1359462507,2,base,"{""build"": 15, ""coverage"": 24, ""layout"": 1, ""paint"": 7, ""semanticDiff"": 5, ""semanticEncode"": 68, ""semanticTree"": 62, ""semantics"": 163}"
board-16-keyed-false,replace-subtree,300,376,509,300,structured,1359462507,2,base,"{""build"": 47, ""coverage"": 24, ""layout"": 1, ""paint"": 8, ""semanticDiff"": 5, ""semanticEncode"": 106, ""semanticTree"": 64, ""semantics"": 204}"
board-16-keyed-true,one-label,300,103,137,300,structured,1359462507,2,base,"{""build"": 19, ""coverage"": 12, ""layout"": 0, ""paint"": 6, ""semanticDiff"": 4, ""semanticEncode"": 4, ""semanticTree"": 30, ""semantics"": 52}"
board-16-keyed-true,all-labels,300,249,313,300,structured,1359462507,2,base,"{""build"": 27, ""coverage"": 24, ""layout"": 0, ""paint"": 7, ""semanticDiff"": 5, ""semanticEncode"": 55, ""semanticTree"": 31, ""semantics"": 116}"
board-16-keyed-true,reverse,300,266,345,300,structured,1359462507,2,base,"{""build"": 21, ""coverage"": 24, ""layout"": 0, ""paint"": 7, ""semanticDiff"": 5, ""semanticEncode"": 75, ""semanticTree"": 31, ""semantics"": 137}"
board-16-keyed-true,replace-subtree,300,315,408,300,structured,1359462507,2,base,"{""build"": 58, ""coverage"": 24, ""layout"": 1, ""paint"": 8, ""semanticDiff"": 5, ""semanticEncode"": 78, ""semanticTree"": 33, ""semantics"": 141}"
board-64-keyed-false,one-label,300,365,480,300,structured,251641503,2,base,"{""build"": 19, ""coverage"": 15, ""layout"": 0, ""paint"": 37, ""semanticDiff"": 17, ""semanticEncode"": 5, ""semanticTree"": 237, ""semantics"": 276}"
board-64-keyed-false,all-labels,300,883,1078,300,structured,251641503,2,base,"{""build"": 55, ""coverage"": 47, ""layout"": 0, ""paint"": 38, ""semanticDiff"": 20, ""semanticEncode"": 255, ""semanticTree"": 241, ""semantics"": 568}"
board-64-keyed-false,reverse,300,884,1099,300,structured,251641503,2,base,"{""build"": 56, ""coverage"": 46, ""layout"": 3, ""paint"": 39, ""semanticDiff"": 20, ""semanticEncode"": 255, ""semanticTree"": 240, ""semantics"": 565}"
board-64-keyed-false,replace-subtree,300,1255,1524,300,structured,251641503,2,base,"{""build"": 243, ""coverage"": 46, ""layout"": 5, ""paint"": 43, ""semanticDiff"": 21, ""semanticEncode"": 410, ""semanticTree"": 248, ""semantics"": 733}"
board-64-keyed-true,one-label,300,303,408,300,structured,251641503,2,base,"{""build"": 76, ""coverage"": 16, ""layout"": 0, ""paint"": 36, ""semanticDiff"": 17, ""semanticEncode"": 4, ""semanticTree"": 118, ""semantics"": 158}"
board-64-keyed-true,all-labels,300,765,956,300,structured,251641503,2,base,"{""build"": 111, ""coverage"": 47, ""layout"": 0, ""paint"": 38, ""semanticDiff"": 20, ""semanticEncode"": 208, ""semanticTree"": 122, ""semantics"": 399}"
board-64-keyed-true,reverse,300,781,993,300,structured,251641503,2,base,"{""build"": 83, ""coverage"": 47, ""layout"": 2, ""paint"": 38, ""semanticDiff"": 21, ""semanticEncode"": 252, ""semanticTree"": 119, ""semantics"": 442}"
board-64-keyed-true,replace-subtree,300,1085,1372,300,structured,251641503,2,base,"{""build"": 305, ""coverage"": 47, ""layout"": 5, ""paint"": 43, ""semanticDiff"": 21, ""semanticEncode"": 295, ""semanticTree"": 127, ""semantics"": 494}"
board-256-keyed-false,one-label,300,1287,1495,300,structured,251641503,2,base,"{""build"": 73, ""coverage"": 25, ""layout"": 0, ""paint"": 129, ""semanticDiff"": 67, ""semanticEncode"": 6, ""semanticTree"": 936, ""semantics"": 1040}"
board-256-keyed-false,all-labels,300,2895,3245,300,structured,251641503,2,base,"{""build"": 236, ""coverage"": 60, ""layout"": 0, ""paint"": 138, ""semanticDiff"": 94, ""semanticEncode"": 1065, ""semanticTree"": 995, ""semantics"": 2281}"
board-256-keyed-false,reverse,300,2925,3384,300,structured,251641503,2,base,"{""build"": 242, ""coverage"": 59, ""layout"": 24, ""paint"": 143, ""semanticDiff"": 97, ""semanticEncode"": 1072, ""semanticTree"": 987, ""semantics"": 2265}"
board-256-keyed-false,replace-subtree,300,5669,6516,300,structured,251641503,2,base,"{""build"": 2154, ""coverage"": 59, ""layout"": 26, ""paint"": 152, ""semanticDiff"": 100, ""semanticEncode"": 1843, ""semanticTree"": 1002, ""semantics"": 3056}"
board-256-keyed-true,one-label,300,1042,1441,300,structured,251641503,2,base,"{""build"": 309, ""coverage"": 25, ""layout"": 0, ""paint"": 126, ""semanticDiff"": 69, ""semanticEncode"": 5, ""semanticTree"": 470, ""semantics"": 571}"
board-256-keyed-true,all-labels,300,2378,2813,300,structured,251641503,2,base,"{""build"": 473, ""coverage"": 58, ""layout"": 0, ""paint"": 137, ""semanticDiff"": 91, ""semanticEncode"": 819, ""semanticTree"": 509, ""semantics"": 1518}"
board-256-keyed-true,reverse,300,1832,2232,300,structured,251641503,2,base,"{""build"": 347, ""coverage"": 57, ""layout"": 9, ""paint"": 135, ""semanticDiff"": 77, ""semanticEncode"": 446, ""semanticTree"": 479, ""semantics"": 1079}"
board-256-keyed-true,replace-subtree,300,4900,5722,300,structured,251641503,2,base,"{""build"": 2484, ""coverage"": 58, ""layout"": 27, ""paint"": 153, ""semanticDiff"": 98, ""semanticEncode"": 1247, ""semanticTree"": 525, ""semantics"": 1969}"
board-16-keyed-false,one-label,300,88,155,300,structured,1359462507,2,candidate,"{""build"": 5, ""coverage"": 12, ""layout"": 0, ""paint"": 6, ""semanticDiff"": 4, ""semanticEncode"": 5, ""semanticTree"": 27, ""semantics"": 49}"
board-16-keyed-false,all-labels,300,250,339,300,structured,1359462507,2,candidate,"{""build"": 14, ""coverage"": 24, ""layout"": 0, ""paint"": 7, ""semanticDiff"": 5, ""semanticEncode"": 66, ""semanticTree"": 29, ""semantics"": 127}"
board-16-keyed-false,reverse,300,254,349,300,structured,1359462507,2,candidate,"{""build"": 15, ""coverage"": 24, ""layout"": 1, ""paint"": 7, ""semanticDiff"": 5, ""semanticEncode"": 67, ""semanticTree"": 29, ""semantics"": 128}"
board-16-keyed-false,replace-subtree,300,337,446,300,structured,1359462507,2,candidate,"{""build"": 45, ""coverage"": 24, ""layout"": 1, ""paint"": 8, ""semanticDiff"": 5, ""semanticEncode"": 104, ""semanticTree"": 32, ""semantics"": 168}"
board-16-keyed-true,one-label,300,100,130,300,structured,1359462507,2,candidate,"{""build"": 20, ""coverage"": 12, ""layout"": 0, ""paint"": 6, ""semanticDiff"": 4, ""semanticEncode"": 4, ""semanticTree"": 25, ""semantics"": 47}"
board-16-keyed-true,all-labels,300,242,324,300,structured,1359462507,2,candidate,"{""build"": 28, ""coverage"": 23, ""layout"": 0, ""paint"": 7, ""semanticDiff"": 5, ""semanticEncode"": 55, ""semanticTree"": 25, ""semantics"": 110}"
board-16-keyed-true,reverse,300,256,318,300,structured,1359462507,2,candidate,"{""build"": 21, ""coverage"": 23, ""layout"": 0, ""paint"": 7, ""semanticDiff"": 5, ""semanticEncode"": 74, ""semanticTree"": 25, ""semantics"": 129}"
board-16-keyed-true,replace-subtree,300,311,430,300,structured,1359462507,2,candidate,"{""build"": 59, ""coverage"": 23, ""layout"": 1, ""paint"": 8, ""semanticDiff"": 5, ""semanticEncode"": 77, ""semanticTree"": 28, ""semantics"": 134}"
board-64-keyed-false,one-label,300,211,299,300,structured,251641503,2,candidate,"{""build"": 18, ""coverage"": 15, ""layout"": 0, ""paint"": 37, ""semanticDiff"": 17, ""semanticEncode"": 5, ""semanticTree"": 87, ""semantics"": 126}"
board-64-keyed-false,all-labels,300,739,902,300,structured,251641503,2,candidate,"{""build"": 55, ""coverage"": 46, ""layout"": 0, ""paint"": 38, ""semanticDiff"": 21, ""semanticEncode"": 255, ""semanticTree"": 97, ""semantics"": 425}"
board-64-keyed-false,reverse,300,730,931,300,structured,251641503,2,candidate,"{""build"": 55, ""coverage"": 45, ""layout"": 3, ""paint"": 39, ""semanticDiff"": 20, ""semanticEncode"": 252, ""semanticTree"": 95, ""semantics"": 417}"
board-64-keyed-false,replace-subtree,300,1097,1365,300,structured,251641503,2,candidate,"{""build"": 243, ""coverage"": 45, ""layout"": 5, ""paint"": 43, ""semanticDiff"": 21, ""semanticEncode"": 404, ""semanticTree"": 114, ""semantics"": 588}"
board-64-keyed-true,one-label,300,259,346,300,structured,251641503,2,candidate,"{""build"": 77, ""coverage"": 15, ""layout"": 0, ""paint"": 37, ""semanticDiff"": 17, ""semanticEncode"": 4, ""semanticTree"": 77, ""semantics"": 116}"
board-64-keyed-true,all-labels,300,727,914,300,structured,251641503,2,candidate,"{""build"": 112, ""coverage"": 45, ""layout"": 0, ""paint"": 38, ""semanticDiff"": 20, ""semanticEncode"": 208, ""semanticTree"": 81, ""semantics"": 358}"
board-64-keyed-true,reverse,300,763,957,300,structured,251641503,2,candidate,"{""build"": 87, ""coverage"": 45, ""layout"": 2, ""paint"": 39, ""semanticDiff"": 22, ""semanticEncode"": 258, ""semanticTree"": 82, ""semantics"": 413}"
board-64-keyed-true,replace-subtree,300,1040,1351,300,structured,251641503,2,candidate,"{""build"": 306, ""coverage"": 46, ""layout"": 5, ""paint"": 43, ""semanticDiff"": 21, ""semanticEncode"": 297, ""semanticTree"": 99, ""semantics"": 464}"
board-256-keyed-false,one-label,300,692,1043,300,structured,251641503,2,candidate,"{""build"": 74, ""coverage"": 25, ""layout"": 0, ""paint"": 134, ""semanticDiff"": 68, ""semanticEncode"": 6, ""semanticTree"": 346, ""semantics"": 447}"
board-256-keyed-false,all-labels,300,2183,2533,300,structured,251641503,2,candidate,"{""build"": 226, ""coverage"": 56, ""layout"": 0, ""paint"": 135, ""semanticDiff"": 91, ""semanticEncode"": 1032, ""semanticTree"": 371, ""semantics"": 1582}"
board-256-keyed-false,reverse,300,2210,2557,300,structured,251641503,2,candidate,"{""build"": 227, ""coverage"": 56, ""layout"": 24, ""paint"": 139, ""semanticDiff"": 91, ""semanticEncode"": 1030, ""semanticTree"": 370, ""semantics"": 1572}"
board-256-keyed-false,replace-subtree,300,4952,5485,300,structured,251641503,2,candidate,"{""build"": 2089, ""coverage"": 57, ""layout"": 28, ""paint"": 153, ""semanticDiff"": 95, ""semanticEncode"": 1810, ""semanticTree"": 462, ""semantics"": 2430}"
board-256-keyed-true,one-label,300,881,1109,300,structured,251641503,2,candidate,"{""build"": 310, ""coverage"": 25, ""layout"": 0, ""paint"": 128, ""semanticDiff"": 68, ""semanticEncode"": 5, ""semanticTree"": 301, ""semantics"": 404}"
board-256-keyed-true,all-labels,300,2165,2463,300,structured,251641503,2,candidate,"{""build"": 465, ""coverage"": 57, ""layout"": 0, ""paint"": 134, ""semanticDiff"": 89, ""semanticEncode"": 822, ""semanticTree"": 329, ""semantics"": 1321}"
board-256-keyed-true,reverse,300,1656,2069,300,structured,251641503,2,candidate,"{""build"": 350, ""coverage"": 56, ""layout"": 10, ""paint"": 135, ""semanticDiff"": 78, ""semanticEncode"": 448, ""semanticTree"": 311, ""semantics"": 906}"
board-256-keyed-true,replace-subtree,300,4576,5164,300,structured,251641503,2,candidate,"{""build"": 2320, ""coverage"": 57, ""layout"": 28, ""paint"": 153, ""semanticDiff"": 96, ""semanticEncode"": 1243, ""semanticTree"": 393, ""semantics"": 1796}"
