scenario,mode,iterations,medianUs,p95Us,changedFrames,pair,variant
dashboard,mount-first-frame,120,637,782,120,0,base
agent,mount-first-frame,120,166,240,120,0,base
files,mount-first-frame,120,342,504,120,0,base
editor,mount-first-frame,120,153,206,120,0,base
finance,mount-first-frame,120,22947,23653,120,0,base
board-16-keyed-false,one-label,120,37,38,120,0,base
board-16-keyed-false,all-labels,120,154,199,120,0,base
board-16-keyed-false,reverse,120,158,199,120,0,base
board-16-keyed-false,replace-subtree,120,154,195,120,0,base
board-16-keyed-true,one-label,120,47,54,120,0,base
board-16-keyed-true,all-labels,120,105,128,120,0,base
board-16-keyed-true,reverse,120,51,54,120,0,base
board-16-keyed-true,replace-subtree,120,185,227,120,0,base
board-64-keyed-false,one-label,120,85,98,120,0,base
board-64-keyed-false,all-labels,120,749,915,120,0,base
board-64-keyed-false,reverse,120,750,935,120,0,base
board-64-keyed-false,replace-subtree,120,1417,1646,120,0,base
board-64-keyed-true,one-label,120,135,168,120,0,base
board-64-keyed-true,all-labels,120,360,501,120,0,base
board-64-keyed-true,reverse,120,152,194,120,0,base
board-64-keyed-true,replace-subtree,120,1570,1900,120,0,base
board-256-keyed-false,one-label,120,261,398,120,0,base
board-256-keyed-false,all-labels,120,5893,6958,120,0,base
board-256-keyed-false,reverse,120,5764,6284,120,0,base
board-256-keyed-false,replace-subtree,120,20666,21567,120,0,base
board-256-keyed-true,one-label,120,449,692,120,0,base
board-256-keyed-true,all-labels,120,1436,1776,120,0,base
board-256-keyed-true,reverse,120,514,852,120,0,base
board-256-keyed-true,replace-subtree,120,21425,22655,120,0,base
dashboard,mount-first-frame,120,552,1040,120,0,batch
agent,mount-first-frame,120,147,283,120,0,batch
files,mount-first-frame,120,340,565,120,0,batch
editor,mount-first-frame,120,134,205,120,0,batch
finance,mount-first-frame,120,22918,23677,120,0,batch
board-16-keyed-false,one-label,120,39,42,120,0,batch
board-16-keyed-false,all-labels,120,158,209,120,0,batch
board-16-keyed-false,reverse,120,170,213,120,0,batch
board-16-keyed-false,replace-subtree,120,104,130,120,0,batch
board-16-keyed-true,one-label,120,47,55,120,0,batch
board-16-keyed-true,all-labels,120,105,144,120,0,batch
board-16-keyed-true,reverse,120,57,162,120,0,batch
board-16-keyed-true,replace-subtree,120,128,535,120,0,batch
board-64-keyed-false,one-label,120,90,154,120,0,batch
board-64-keyed-false,all-labels,120,816,1552,120,0,batch
board-64-keyed-false,reverse,120,821,2445,120,0,batch
board-64-keyed-false,replace-subtree,120,593,853,120,0,batch
board-64-keyed-true,one-label,120,142,190,120,0,batch
board-64-keyed-true,all-labels,120,381,584,120,0,batch
board-64-keyed-true,reverse,120,156,296,120,0,batch
board-64-keyed-true,replace-subtree,120,670,1106,120,0,batch
board-256-keyed-false,one-label,120,257,383,120,0,batch
board-256-keyed-false,all-labels,120,5708,6248,120,0,batch
board-256-keyed-false,reverse,120,5824,6158,120,0,batch
board-256-keyed-false,replace-subtree,120,6935,7504,120,0,batch
board-256-keyed-true,one-label,120,444,555,120,0,batch
board-256-keyed-true,all-labels,120,1398,1801,120,0,batch
board-256-keyed-true,reverse,120,502,638,120,0,batch
board-256-keyed-true,replace-subtree,120,7177,8621,120,0,batch
dashboard,mount-first-frame,120,509,806,120,1,batch
agent,mount-first-frame,120,140,203,120,1,batch
files,mount-first-frame,120,327,470,120,1,batch
editor,mount-first-frame,120,134,196,120,1,batch
finance,mount-first-frame,120,23131,24824,120,1,batch
board-16-keyed-false,one-label,120,38,52,120,1,batch
board-16-keyed-false,all-labels,120,158,211,120,1,batch
board-16-keyed-false,reverse,120,164,196,120,1,batch
board-16-keyed-false,replace-subtree,120,97,133,120,1,batch
board-16-keyed-true,one-label,120,47,59,120,1,batch
board-16-keyed-true,all-labels,120,101,131,120,1,batch
board-16-keyed-true,reverse,120,51,63,120,1,batch
board-16-keyed-true,replace-subtree,120,112,177,120,1,batch
board-64-keyed-false,one-label,120,83,103,120,1,batch
board-64-keyed-false,all-labels,120,754,929,120,1,batch
board-64-keyed-false,reverse,120,769,911,120,1,batch
board-64-keyed-false,replace-subtree,120,573,758,120,1,batch
board-64-keyed-true,one-label,120,136,181,120,1,batch
board-64-keyed-true,all-labels,120,363,516,120,1,batch
board-64-keyed-true,reverse,120,152,213,120,1,batch
board-64-keyed-true,replace-subtree,120,642,886,120,1,batch
board-256-keyed-false,one-label,120,249,372,120,1,batch
board-256-keyed-false,all-labels,120,5795,6242,120,1,batch
board-256-keyed-false,reverse,120,5861,6189,120,1,batch
board-256-keyed-false,replace-subtree,120,7181,9073,120,1,batch
board-256-keyed-true,one-label,120,462,561,120,1,batch
board-256-keyed-true,all-labels,120,1394,1837,120,1,batch
board-256-keyed-true,reverse,120,491,669,120,1,batch
board-256-keyed-true,replace-subtree,120,7763,12014,120,1,batch
dashboard,mount-first-frame,120,656,775,120,1,base
agent,mount-first-frame,120,161,247,120,1,base
files,mount-first-frame,120,354,522,120,1,base
editor,mount-first-frame,120,149,227,120,1,base
finance,mount-first-frame,120,23153,25372,120,1,base
board-16-keyed-false,one-label,120,38,56,120,1,base
board-16-keyed-false,all-labels,120,157,206,120,1,base
board-16-keyed-false,reverse,120,162,236,120,1,base
board-16-keyed-false,replace-subtree,120,151,209,120,1,base
board-16-keyed-true,one-label,120,47,49,120,1,base
board-16-keyed-true,all-labels,120,100,124,120,1,base
board-16-keyed-true,reverse,120,52,62,120,1,base
board-16-keyed-true,replace-subtree,120,186,237,120,1,base
board-64-keyed-false,one-label,120,85,117,120,1,base
board-64-keyed-false,all-labels,120,768,995,120,1,base
board-64-keyed-false,reverse,120,783,1208,120,1,base
board-64-keyed-false,replace-subtree,120,1377,1753,120,1,base
board-64-keyed-true,one-label,120,137,192,120,1,base
board-64-keyed-true,all-labels,120,364,531,120,1,base
board-64-keyed-true,reverse,120,147,213,120,1,base
board-64-keyed-true,replace-subtree,120,1528,1900,120,1,base
board-256-keyed-false,one-label,120,251,318,120,1,base
board-256-keyed-false,all-labels,120,5661,6318,120,1,base
board-256-keyed-false,reverse,120,5701,6132,120,1,base
board-256-keyed-false,replace-subtree,120,20997,22434,120,1,base
board-256-keyed-true,one-label,120,451,599,120,1,base
board-256-keyed-true,all-labels,120,1480,2242,120,1,base
board-256-keyed-true,reverse,120,508,924,120,1,base
board-256-keyed-true,replace-subtree,120,21473,23145,120,1,base
dashboard,mount-first-frame,120,657,856,120,2,base
agent,mount-first-frame,120,163,284,120,2,base
files,mount-first-frame,120,358,547,120,2,base
editor,mount-first-frame,120,148,264,120,2,base
finance,mount-first-frame,120,23063,24144,120,2,base
board-16-keyed-false,one-label,120,37,38,120,2,base
board-16-keyed-false,all-labels,120,158,198,120,2,base
board-16-keyed-false,reverse,120,158,193,120,2,base
board-16-keyed-false,replace-subtree,120,154,184,120,2,base
board-16-keyed-true,one-label,120,46,48,120,2,base
board-16-keyed-true,all-labels,120,104,138,120,2,base
board-16-keyed-true,reverse,120,51,54,120,2,base
board-16-keyed-true,replace-subtree,120,179,224,120,2,base
board-64-keyed-false,one-label,120,84,103,120,2,base
board-64-keyed-false,all-labels,120,754,915,120,2,base
board-64-keyed-false,reverse,120,760,956,120,2,base
board-64-keyed-false,replace-subtree,120,1428,1831,120,2,base
board-64-keyed-true,one-label,120,139,191,120,2,base
board-64-keyed-true,all-labels,120,368,518,120,2,base
board-64-keyed-true,reverse,120,146,177,120,2,base
board-64-keyed-true,replace-subtree,120,1485,1819,120,2,base
board-256-keyed-false,one-label,120,257,373,120,2,base
board-256-keyed-false,all-labels,120,5711,6186,120,2,base
board-256-keyed-false,reverse,120,5855,6248,120,2,base
board-256-keyed-false,replace-subtree,120,20902,23354,120,2,base
board-256-keyed-true,one-label,120,445,637,120,2,base
board-256-keyed-true,all-labels,120,1419,2071,120,2,base
board-256-keyed-true,reverse,120,506,856,120,2,base
board-256-keyed-true,replace-subtree,120,21292,22628,120,2,base
dashboard,mount-first-frame,120,541,861,120,2,batch
agent,mount-first-frame,120,148,287,120,2,batch
files,mount-first-frame,120,321,500,120,2,batch
editor,mount-first-frame,120,134,223,120,2,batch
finance,mount-first-frame,120,24687,37425,120,2,batch
board-16-keyed-false,one-label,120,39,42,120,2,batch
board-16-keyed-false,all-labels,120,166,333,120,2,batch
board-16-keyed-false,reverse,120,170,362,120,2,batch
board-16-keyed-false,replace-subtree,120,105,205,120,2,batch
board-16-keyed-true,one-label,120,51,54,120,2,batch
board-16-keyed-true,all-labels,120,109,191,120,2,batch
board-16-keyed-true,reverse,120,55,92,120,2,batch
board-16-keyed-true,replace-subtree,120,120,185,120,2,batch
board-64-keyed-false,one-label,120,87,127,120,2,batch
board-64-keyed-false,all-labels,120,756,1318,120,2,batch
board-64-keyed-false,reverse,120,773,1187,120,2,batch
board-64-keyed-false,replace-subtree,120,575,788,120,2,batch
board-64-keyed-true,one-label,120,135,203,120,2,batch
board-64-keyed-true,all-labels,120,369,514,120,2,batch
board-64-keyed-true,reverse,120,153,186,120,2,batch
board-64-keyed-true,replace-subtree,120,639,888,120,2,batch
board-256-keyed-false,one-label,120,254,355,120,2,batch
board-256-keyed-false,all-labels,120,5957,8361,120,2,batch
board-256-keyed-false,reverse,120,5995,8593,120,2,batch
board-256-keyed-false,replace-subtree,120,7005,8744,120,2,batch
board-256-keyed-true,one-label,120,453,626,120,2,batch
board-256-keyed-true,all-labels,120,1439,2034,120,2,batch
board-256-keyed-true,reverse,120,508,852,120,2,batch
board-256-keyed-true,replace-subtree,120,7274,8175,120,2,batch
