variant,run,kind,policy,wrap,lines,operation,frames,changedFrames,copiedUnits,fingerprint,medianUs,p95Us,dart
before,0,plain,spec,False,1000,resize,60,60,0,1830451483,689,2260,"3.12.2 (stable) (Tue Jun 9 01:11:39 2026 -0700) on ""macos_arm64"""
before,1,plain,spec,False,1000,resize,60,60,0,1830451483,655,1834,"3.12.2 (stable) (Tue Jun 9 01:11:39 2026 -0700) on ""macos_arm64"""
before,0,plain,spec,False,10000,resize,60,60,0,1830451483,7798,23272,"3.12.2 (stable) (Tue Jun 9 01:11:39 2026 -0700) on ""macos_arm64"""
before,1,plain,spec,False,10000,resize,60,60,0,1830451483,7391,12737,"3.12.2 (stable) (Tue Jun 9 01:11:39 2026 -0700) on ""macos_arm64"""
before,0,rich,spec,False,1000,resize,60,60,0,3858414627,3546,3953,"3.12.2 (stable) (Tue Jun 9 01:11:39 2026 -0700) on ""macos_arm64"""
before,1,rich,spec,False,1000,resize,60,60,0,3858414627,3373,3896,"3.12.2 (stable) (Tue Jun 9 01:11:39 2026 -0700) on ""macos_arm64"""
before,0,rich,spec,False,10000,resize,60,60,0,3858414627,38776,43050,"3.12.2 (stable) (Tue Jun 9 01:11:39 2026 -0700) on ""macos_arm64"""
before,1,rich,spec,False,10000,resize,60,60,0,3858414627,38681,42222,"3.12.2 (stable) (Tue Jun 9 01:11:39 2026 -0700) on ""macos_arm64"""
before,0,rich,split,False,1000,resize,60,60,0,7385663,3554,4038,"3.12.2 (stable) (Tue Jun 9 01:11:39 2026 -0700) on ""macos_arm64"""
before,1,rich,split,False,1000,resize,60,60,0,7385663,3519,4002,"3.12.2 (stable) (Tue Jun 9 01:11:39 2026 -0700) on ""macos_arm64"""
before,0,rich,split,False,10000,resize,60,60,0,7385663,41264,44474,"3.12.2 (stable) (Tue Jun 9 01:11:39 2026 -0700) on ""macos_arm64"""
before,1,rich,split,False,10000,resize,60,60,0,7385663,42503,51089,"3.12.2 (stable) (Tue Jun 9 01:11:39 2026 -0700) on ""macos_arm64"""
before,0,spans,spec,False,1000,resize,60,60,0,2232575019,3468,3866,"3.12.2 (stable) (Tue Jun 9 01:11:39 2026 -0700) on ""macos_arm64"""
before,1,spans,spec,False,1000,resize,60,60,0,2232575019,3506,4082,"3.12.2 (stable) (Tue Jun 9 01:11:39 2026 -0700) on ""macos_arm64"""
before,0,spans,spec,False,10000,resize,60,60,0,2232575019,40575,46422,"3.12.2 (stable) (Tue Jun 9 01:11:39 2026 -0700) on ""macos_arm64"""
before,1,spans,spec,False,10000,resize,60,60,0,2232575019,40887,47345,"3.12.2 (stable) (Tue Jun 9 01:11:39 2026 -0700) on ""macos_arm64"""
before,0,spans,split,False,1000,resize,60,60,0,4077269935,3682,4155,"3.12.2 (stable) (Tue Jun 9 01:11:39 2026 -0700) on ""macos_arm64"""
before,1,spans,split,False,1000,resize,60,60,0,4077269935,3747,4346,"3.12.2 (stable) (Tue Jun 9 01:11:39 2026 -0700) on ""macos_arm64"""
before,0,spans,split,False,10000,resize,60,60,0,4077269935,42139,50924,"3.12.2 (stable) (Tue Jun 9 01:11:39 2026 -0700) on ""macos_arm64"""
before,1,spans,split,False,10000,resize,60,60,0,4077269935,43117,54761,"3.12.2 (stable) (Tue Jun 9 01:11:39 2026 -0700) on ""macos_arm64"""
plain,0,plain,spec,False,1000,resize,60,60,0,1830451483,99,221,"3.12.2 (stable) (Tue Jun 9 01:11:39 2026 -0700) on ""macos_arm64"""
plain,1,plain,spec,False,1000,resize,60,60,0,1830451483,98,227,"3.12.2 (stable) (Tue Jun 9 01:11:39 2026 -0700) on ""macos_arm64"""
plain,0,plain,spec,False,10000,resize,60,60,0,1830451483,261,1135,"3.12.2 (stable) (Tue Jun 9 01:11:39 2026 -0700) on ""macos_arm64"""
plain,1,plain,spec,False,10000,resize,60,60,0,1830451483,240,639,"3.12.2 (stable) (Tue Jun 9 01:11:39 2026 -0700) on ""macos_arm64"""
after,0,rich,spec,False,1000,resize,60,60,0,3858414627,97,135,"3.12.2 (stable) (Tue Jun 9 01:11:39 2026 -0700) on ""macos_arm64"""
after,1,rich,spec,False,1000,resize,60,60,0,3858414627,94,106,"3.12.2 (stable) (Tue Jun 9 01:11:39 2026 -0700) on ""macos_arm64"""
after,0,rich,spec,False,10000,resize,60,60,0,3858414627,107,175,"3.12.2 (stable) (Tue Jun 9 01:11:39 2026 -0700) on ""macos_arm64"""
after,1,rich,spec,False,10000,resize,60,60,0,3858414627,109,119,"3.12.2 (stable) (Tue Jun 9 01:11:39 2026 -0700) on ""macos_arm64"""
after,0,rich,split,False,1000,resize,60,60,0,7385663,95,106,"3.12.2 (stable) (Tue Jun 9 01:11:39 2026 -0700) on ""macos_arm64"""
after,1,rich,split,False,1000,resize,60,60,0,7385663,96,106,"3.12.2 (stable) (Tue Jun 9 01:11:39 2026 -0700) on ""macos_arm64"""
after,0,rich,split,False,10000,resize,60,60,0,7385663,110,194,"3.12.2 (stable) (Tue Jun 9 01:11:39 2026 -0700) on ""macos_arm64"""
after,1,rich,split,False,10000,resize,60,60,0,7385663,109,138,"3.12.2 (stable) (Tue Jun 9 01:11:39 2026 -0700) on ""macos_arm64"""
after,0,spans,spec,False,1000,resize,60,60,0,2232575019,99,117,"3.12.2 (stable) (Tue Jun 9 01:11:39 2026 -0700) on ""macos_arm64"""
after,1,spans,spec,False,1000,resize,60,60,0,2232575019,99,137,"3.12.2 (stable) (Tue Jun 9 01:11:39 2026 -0700) on ""macos_arm64"""
after,0,spans,spec,False,10000,resize,60,60,0,2232575019,110,347,"3.12.2 (stable) (Tue Jun 9 01:11:39 2026 -0700) on ""macos_arm64"""
after,1,spans,spec,False,10000,resize,60,60,0,2232575019,119,459,"3.12.2 (stable) (Tue Jun 9 01:11:39 2026 -0700) on ""macos_arm64"""
after,0,spans,split,False,1000,resize,60,60,0,4077269935,110,135,"3.12.2 (stable) (Tue Jun 9 01:11:39 2026 -0700) on ""macos_arm64"""
after,1,spans,split,False,1000,resize,60,60,0,4077269935,106,151,"3.12.2 (stable) (Tue Jun 9 01:11:39 2026 -0700) on ""macos_arm64"""
after,0,spans,split,False,10000,resize,60,60,0,4077269935,111,148,"3.12.2 (stable) (Tue Jun 9 01:11:39 2026 -0700) on ""macos_arm64"""
after,1,spans,split,False,10000,resize,60,60,0,4077269935,112,152,"3.12.2 (stable) (Tue Jun 9 01:11:39 2026 -0700) on ""macos_arm64"""
