variant,run,columns,rows,app,mode,renderObjects,changedFrames,leafRenderObjectIndex,totalUs_median,totalUs_p95,buildUs_median,buildUs_p95,layoutUs_median,layoutUs_p95,paintUs_median,paintUs_p95,bufferPrepareUs_median,bufferPrepareUs_p95,finishUs_median,finishUs_p95
after,0,120,40,dashboard,clean,144,0,11,211,291,0,0,0,0,153,218,4,5,52,57
after,0,120,40,dashboard,leaf,144,600,11,212,305,0,0,0,0,154,234,4,5,52,59
after,0,120,40,dashboard,full,144,0,11,229,331,0,0,5,11,154,249,4,5,52,58
after,0,120,40,agent,clean,67,0,12,62,69,0,0,0,0,34,40,4,4,23,24
after,0,120,40,agent,leaf,67,600,12,62,69,0,0,0,0,34,39,4,4,23,24
after,0,120,40,agent,full,67,0,12,75,88,0,0,2,5,40,48,4,4,23,24
after,0,120,40,files,clean,152,0,11,79,97,0,0,0,0,45,56,4,4,28,31
after,0,120,40,files,leaf,152,600,11,79,93,0,0,0,0,44,51,4,4,28,31
after,0,120,40,files,full,152,0,11,127,180,0,0,18,28,61,76,4,4,29,32
after,0,120,40,editor,clean,42,0,20,58,72,0,0,0,0,33,39,4,4,20,21
after,0,120,40,editor,leaf,42,600,20,58,72,0,0,0,0,33,38,4,4,20,21
after,0,120,40,editor,full,42,0,20,68,86,0,0,6,9,33,42,4,4,20,21
after,0,120,40,finance,clean,283,0,12,195,277,0,0,0,0,132,202,4,5,58,63
after,0,120,40,finance,leaf,283,600,12,196,258,0,0,0,0,131,182,4,5,58,64
after,0,120,40,finance,full,283,0,12,232,366,0,0,10,19,132,197,4,5,58,65
after,1,120,40,dashboard,clean,144,0,11,209,260,0,0,0,0,151,188,4,4,52,55
after,1,120,40,dashboard,leaf,144,600,11,209,252,0,0,0,0,151,180,4,4,52,55
after,1,120,40,dashboard,full,144,0,11,227,336,0,0,5,9,151,242,4,4,52,55
after,1,120,40,agent,clean,67,0,12,64,70,0,0,0,0,36,40,4,4,23,24
after,1,120,40,agent,leaf,67,600,12,64,69,0,0,0,0,36,40,4,4,23,24
after,1,120,40,agent,full,67,0,12,77,86,0,0,2,5,42,48,4,4,22,23
after,1,120,40,files,clean,152,0,11,79,85,0,0,0,0,46,50,4,4,28,29
after,1,120,40,files,leaf,152,600,11,79,85,0,0,0,0,46,50,4,4,28,29
after,1,120,40,files,full,152,0,11,127,142,0,0,20,24,62,70,4,4,29,30
after,1,120,40,editor,clean,42,0,20,59,67,0,0,0,0,33,39,4,4,20,21
after,1,120,40,editor,leaf,42,600,20,59,66,0,0,0,0,34,39,4,4,20,21
after,1,120,40,editor,full,42,0,20,68,76,0,0,6,9,33,38,4,4,20,21
after,1,120,40,finance,clean,283,0,12,194,250,0,0,0,0,131,179,4,4,58,62
after,1,120,40,finance,leaf,283,600,12,195,254,0,0,0,0,131,165,4,4,58,62
after,1,120,40,finance,full,283,0,12,230,359,0,0,10,15,131,214,4,4,58,62
after,0,200,60,dashboard,clean,144,0,11,368,534,0,0,0,0,257,417,11,25,98,107
after,0,200,60,dashboard,leaf,144,600,11,369,549,0,0,0,0,257,426,11,24,98,107
after,0,200,60,dashboard,full,144,0,11,388,577,0,0,5,13,257,431,11,22,98,108
after,0,200,60,agent,clean,67,0,12,124,155,0,0,0,0,67,76,11,24,45,48
after,0,200,60,agent,leaf,67,600,12,124,151,0,0,0,0,67,74,11,12,45,48
after,0,200,60,agent,full,67,0,12,138,182,0,0,2,6,74,96,11,14,45,48
after,0,200,60,files,clean,152,0,11,145,189,0,0,0,0,80,101,11,19,52,59
after,0,200,60,files,leaf,152,600,11,145,177,0,0,0,0,80,92,11,16,53,57
after,0,200,60,files,full,152,0,11,194,255,0,0,19,30,97,125,11,13,53,60
after,0,200,60,editor,clean,42,0,20,115,143,0,0,0,0,64,73,11,14,39,43
after,0,200,60,editor,leaf,42,600,20,115,143,0,0,0,0,63,71,11,21,39,43
after,0,200,60,editor,full,42,0,20,128,156,0,0,9,13,64,71,11,12,39,44
after,0,200,60,finance,clean,283,0,12,401,600,0,0,0,0,271,463,11,24,115,129
after,0,200,60,finance,leaf,283,600,12,400,488,0,0,0,0,272,339,11,23,114,130
after,0,200,60,finance,full,283,0,12,437,533,0,0,10,21,270,334,11,18,115,130
after,1,200,60,dashboard,clean,144,0,11,363,515,0,0,0,0,255,401,11,24,96,103
after,1,200,60,dashboard,leaf,144,600,11,363,519,0,0,0,0,254,404,11,22,96,104
after,1,200,60,dashboard,full,144,0,11,381,543,0,0,6,9,254,394,11,21,96,103
after,1,200,60,agent,clean,67,0,12,123,141,0,0,0,0,67,73,11,12,44,46
after,1,200,60,agent,leaf,67,600,12,123,139,0,0,0,0,67,73,11,11,44,46
after,1,200,60,agent,full,67,0,12,136,164,0,0,2,5,74,82,11,11,44,47
after,1,200,60,files,clean,152,0,11,145,166,0,0,0,0,81,88,11,11,52,55
after,1,200,60,files,leaf,152,600,11,145,166,0,0,0,0,80,87,11,11,52,55
after,1,200,60,files,full,152,0,11,194,229,0,0,19,24,97,108,11,11,53,56
after,1,200,60,editor,clean,42,0,20,116,136,0,0,0,0,64,71,11,11,39,41
after,1,200,60,editor,leaf,42,600,20,116,128,0,0,0,0,64,70,11,11,39,41
after,1,200,60,editor,full,42,0,20,127,148,0,0,9,12,63,69,11,11,39,42
after,1,200,60,finance,clean,283,0,12,402,547,0,0,0,0,273,401,11,23,115,123
after,1,200,60,finance,leaf,283,600,12,402,463,0,0,0,0,273,317,11,22,114,122
after,1,200,60,finance,full,283,0,12,440,511,0,0,11,16,273,317,11,18,114,124
after,0,80,24,dashboard,clean,144,0,11,125,162,0,0,0,0,93,123,1,2,28,34
after,0,80,24,dashboard,leaf,144,600,11,124,174,0,0,0,0,93,125,1,2,28,34
after,0,80,24,dashboard,full,144,0,11,142,184,0,0,5,10,93,122,1,2,28,33
after,0,80,24,agent,clean,67,0,12,37,43,0,0,0,0,20,25,1,1,14,15
after,0,80,24,agent,leaf,67,600,12,37,43,0,0,0,0,20,25,1,1,14,15
after,0,80,24,agent,full,67,0,12,49,60,0,0,2,5,27,32,1,2,14,15
after,0,80,24,files,clean,152,0,11,48,58,0,0,0,0,28,34,1,2,17,19
after,0,80,24,files,leaf,152,600,11,49,57,0,0,0,0,28,34,1,2,17,19
after,0,80,24,files,full,152,0,11,97,123,0,0,19,26,45,56,1,2,18,19
after,0,80,24,editor,clean,42,0,20,34,37,0,0,0,0,20,23,1,2,11,12
after,0,80,24,editor,leaf,42,600,20,34,37,0,0,0,0,20,23,1,2,12,12
after,0,80,24,editor,full,42,0,20,41,47,0,0,4,7,20,23,1,2,12,12
after,0,80,24,finance,clean,143,0,12,78,94,0,0,0,0,51,64,1,2,24,27
after,0,80,24,finance,leaf,143,600,12,79,91,0,0,0,0,51,62,1,2,24,26
after,0,80,24,finance,full,143,0,12,96,115,0,0,4,9,51,67,1,2,24,27
after,1,80,24,dashboard,clean,144,0,11,122,141,0,0,0,0,91,109,1,1,28,29
after,1,80,24,dashboard,leaf,144,600,11,122,138,0,0,0,0,91,103,1,1,28,29
after,1,80,24,dashboard,full,144,0,11,139,159,0,0,5,9,91,104,1,1,28,29
after,1,80,24,agent,clean,67,0,12,36,42,0,0,0,0,20,25,1,1,14,14
after,1,80,24,agent,leaf,67,600,12,37,42,0,0,0,0,20,24,1,1,14,15
after,1,80,24,agent,full,67,0,12,49,55,0,0,2,5,26,32,1,1,14,14
after,1,80,24,files,clean,152,0,11,49,55,0,0,0,0,29,34,1,1,17,19
after,1,80,24,files,leaf,152,600,11,50,58,0,0,0,0,29,34,1,1,17,19
after,1,80,24,files,full,152,0,11,97,115,0,0,19,24,45,54,1,1,18,20
after,1,80,24,editor,clean,42,0,20,34,37,0,0,0,0,20,23,1,1,11,12
after,1,80,24,editor,leaf,42,600,20,34,37,0,0,0,0,20,23,1,1,12,12
after,1,80,24,editor,full,42,0,20,41,47,0,0,4,7,20,23,1,1,12,12
after,1,80,24,finance,clean,143,0,12,78,86,0,0,0,0,52,58,1,1,24,25
after,1,80,24,finance,leaf,143,600,12,79,90,0,0,0,0,52,60,1,1,24,25
after,1,80,24,finance,full,143,0,12,95,107,0,0,4,8,51,59,1,1,24,25
base,0,120,40,dashboard,clean,144,0,11,212,273,0,0,0,0,154,204,4,10,52,57
base,0,120,40,dashboard,leaf,144,600,11,212,266,0,0,0,0,154,198,4,9,52,58
base,0,120,40,dashboard,full,144,0,11,230,360,0,0,5,12,154,230,4,5,52,57
base,0,120,40,agent,clean,67,0,12,62,73,0,0,0,0,34,42,4,4,23,24
base,0,120,40,agent,leaf,67,600,12,63,73,0,0,0,0,34,41,4,4,23,25
base,0,120,40,agent,full,67,0,12,76,93,0,0,2,5,41,49,4,4,23,24
base,0,120,40,files,clean,152,0,11,79,96,0,0,0,0,45,52,4,4,28,31
base,0,120,40,files,leaf,152,600,11,79,98,0,0,0,0,45,55,4,4,28,32
base,0,120,40,files,full,152,0,11,135,171,0,0,26,36,62,76,4,4,29,32
base,0,120,40,editor,clean,42,0,20,58,68,0,0,0,0,33,38,4,4,20,21
base,0,120,40,editor,leaf,42,600,20,58,67,0,0,0,0,33,37,4,4,20,21
base,0,120,40,editor,full,42,0,20,71,86,0,0,10,13,33,36,4,4,20,21
base,0,120,40,finance,clean,283,0,12,196,272,0,0,0,0,133,200,4,5,58,66
base,0,120,40,finance,leaf,283,600,12,198,283,0,0,0,0,133,203,4,5,58,67
base,0,120,40,finance,full,283,0,12,235,365,0,0,11,20,133,200,4,6,58,66
base,1,120,40,dashboard,clean,144,0,11,209,273,0,0,0,0,152,193,4,4,52,55
base,1,120,40,dashboard,leaf,144,600,11,210,260,0,0,0,0,152,192,4,4,52,55
base,1,120,40,dashboard,full,144,0,11,228,330,0,0,5,9,152,198,4,4,52,55
base,1,120,40,agent,clean,67,0,12,63,68,0,0,0,0,36,40,4,4,23,23
base,1,120,40,agent,leaf,67,600,12,64,69,0,0,0,0,36,40,4,4,23,23
base,1,120,40,agent,full,67,0,12,77,83,0,0,2,5,42,47,4,4,23,23
base,1,120,40,files,clean,152,0,11,79,87,0,0,0,0,46,50,4,4,28,30
base,1,120,40,files,leaf,152,600,11,79,85,0,0,0,0,46,50,4,4,28,29
base,1,120,40,files,full,152,0,11,135,151,0,0,26,31,62,69,4,4,29,30
base,1,120,40,editor,clean,42,0,20,59,65,0,0,0,0,34,38,4,4,20,21
base,1,120,40,editor,leaf,42,600,20,60,65,0,0,0,0,34,38,4,4,20,21
base,1,120,40,editor,full,42,0,20,73,81,0,0,10,12,34,38,4,4,20,21
base,1,120,40,finance,clean,283,0,12,196,238,0,0,0,0,132,165,4,5,58,62
base,1,120,40,finance,leaf,283,600,12,196,257,0,0,0,0,132,166,4,5,58,63
base,1,120,40,finance,full,283,0,12,231,365,0,0,10,15,131,199,4,5,58,62
base,0,200,60,dashboard,clean,144,0,11,367,545,0,0,0,0,256,424,11,25,97,112
base,0,200,60,dashboard,leaf,144,600,11,368,555,0,0,0,0,257,432,11,23,97,106
base,0,200,60,dashboard,full,144,0,11,385,590,0,0,6,13,256,440,11,22,97,107
base,0,200,60,agent,clean,67,0,12,123,152,0,0,0,0,67,74,11,27,45,48
base,0,200,60,agent,leaf,67,600,12,124,163,0,0,0,0,66,82,11,15,45,48
base,0,200,60,agent,full,67,0,12,137,194,0,0,2,8,73,100,11,17,45,48
base,0,200,60,files,clean,152,0,11,145,181,0,0,0,0,80,93,11,20,52,56
base,0,200,60,files,leaf,152,600,11,146,176,0,0,0,0,80,93,11,12,52,59
base,0,200,60,files,full,152,0,11,201,260,0,0,26,38,97,116,11,13,53,58
base,0,200,60,editor,clean,42,0,20,114,141,0,0,0,0,63,71,11,12,39,42
base,0,200,60,editor,leaf,42,600,20,115,142,0,0,0,0,63,72,11,19,39,42
base,0,200,60,editor,full,42,0,20,133,163,0,0,14,21,63,73,11,24,39,43
base,0,200,60,finance,clean,283,0,12,403,617,0,0,0,0,275,476,11,24,115,126
base,0,200,60,finance,leaf,283,600,12,403,578,0,0,0,0,276,440,11,23,114,125
base,0,200,60,finance,full,283,0,12,443,658,0,0,11,21,276,451,11,19,114,125
base,1,200,60,dashboard,clean,144,0,11,361,497,0,0,0,0,253,384,11,21,96,101
base,1,200,60,dashboard,leaf,144,600,11,361,509,0,0,0,0,252,386,11,21,96,101
base,1,200,60,dashboard,full,144,0,11,378,531,0,0,5,9,252,384,11,14,96,101
base,1,200,60,agent,clean,67,0,12,123,137,0,0,0,0,67,71,11,11,44,46
base,1,200,60,agent,leaf,67,600,12,123,135,0,0,0,0,67,72,11,11,44,47
base,1,200,60,agent,full,67,0,12,136,163,0,0,2,5,74,82,11,11,44,46
base,1,200,60,files,clean,152,0,11,144,166,0,0,0,0,80,88,11,11,52,55
base,1,200,60,files,leaf,152,600,11,145,166,0,0,0,0,80,88,11,11,52,56
base,1,200,60,files,full,152,0,11,200,230,0,0,26,33,97,107,11,11,53,56
base,1,200,60,editor,clean,42,0,20,116,137,0,0,0,0,65,71,11,12,39,42
base,1,200,60,editor,leaf,42,600,20,117,140,0,0,0,0,64,71,11,12,40,42
base,1,200,60,editor,full,42,0,20,134,157,0,0,14,19,64,68,11,12,39,42
base,1,200,60,finance,clean,283,0,12,400,594,0,0,0,0,273,465,11,23,114,121
base,1,200,60,finance,leaf,283,600,12,400,583,0,0,0,0,273,454,11,22,113,121
base,1,200,60,finance,full,283,0,12,437,632,0,0,11,17,273,463,11,17,114,120
base,0,80,24,dashboard,clean,144,0,11,123,159,0,0,0,0,93,123,1,2,28,33
base,0,80,24,dashboard,leaf,144,600,11,124,174,0,0,0,0,92,123,1,2,28,33
base,0,80,24,dashboard,full,144,0,11,141,195,0,0,5,10,92,121,1,2,28,33
base,0,80,24,agent,clean,67,0,12,37,43,0,0,0,0,21,25,1,1,14,15
base,0,80,24,agent,leaf,67,600,12,37,43,0,0,0,0,20,25,1,1,14,15
base,0,80,24,agent,full,67,0,12,50,59,0,0,2,5,27,31,1,1,14,15
base,0,80,24,files,clean,152,0,11,49,56,0,0,0,0,29,34,1,2,17,18
base,0,80,24,files,leaf,152,600,11,49,56,0,0,0,0,28,34,1,1,17,19
base,0,80,24,files,full,152,0,11,105,137,0,0,26,35,45,56,1,1,18,20
base,0,80,24,editor,clean,42,0,20,34,38,0,0,0,0,20,23,1,1,11,12
base,0,80,24,editor,leaf,42,600,20,34,41,0,0,0,0,20,25,1,1,12,12
base,0,80,24,editor,full,42,0,20,43,50,0,0,6,9,20,23,1,2,12,12
base,0,80,24,finance,clean,143,0,12,78,92,0,0,0,0,52,61,1,2,24,25
base,0,80,24,finance,leaf,143,600,12,79,93,0,0,0,0,52,61,1,2,24,26
base,0,80,24,finance,full,143,0,12,96,113,0,0,5,8,51,58,1,2,24,26
base,1,80,24,dashboard,clean,144,0,11,119,139,0,0,0,0,89,104,1,1,28,29
base,1,80,24,dashboard,leaf,144,600,11,120,143,0,0,0,0,89,107,1,1,28,29
base,1,80,24,dashboard,full,144,0,11,137,161,0,0,5,8,89,107,1,1,28,30
base,1,80,24,agent,clean,67,0,12,38,42,0,0,0,0,22,26,1,1,14,14
base,1,80,24,agent,leaf,67,600,12,39,43,0,0,0,0,22,26,1,1,14,14
base,1,80,24,agent,full,67,0,12,51,56,0,0,2,5,28,32,1,1,14,14
base,1,80,24,files,clean,152,0,11,50,54,0,0,0,0,30,34,1,1,17,18
base,1,80,24,files,leaf,152,600,11,50,54,0,0,0,0,30,34,1,1,17,18
base,1,80,24,files,full,152,0,11,106,126,0,0,28,31,46,52,1,1,18,19
base,1,80,24,editor,clean,42,0,20,34,39,0,0,0,0,20,24,1,1,11,12
base,1,80,24,editor,leaf,42,600,20,34,39,0,0,0,0,20,24,1,1,11,12
base,1,80,24,editor,full,42,0,20,44,49,0,0,6,10,20,23,1,1,12,12
base,1,80,24,finance,clean,143,0,12,79,89,0,0,0,0,51,59,1,1,25,26
base,1,80,24,finance,leaf,143,600,12,79,88,0,0,0,0,51,58,1,1,25,26
base,1,80,24,finance,full,143,0,12,97,116,0,0,4,8,50,62,1,1,25,26
