columns,rows,variant,run,app,mode,renderObjects,leafRenderObjectIndex,changedFrames,totalUsMedian,totalUsP95,buildUsMedian,buildUsP95,layoutUsMedian,layoutUsP95,paintUsMedian,paintUsP95,bufferPrepareUsMedian,bufferPrepareUsP95,finishUsMedian,finishUsP95
80,24,base,1,dashboard,clean,144,11,0,210,317,0,0,0,0,169,276,1,1,39,47
80,24,base,1,dashboard,leaf,144,11,300,211,328,0,0,0,0,169,285,1,1,39,47
80,24,base,1,dashboard,full,144,11,0,228,345,0,0,5,10,169,280,1,1,39,47
80,24,base,1,agent,clean,67,12,0,99,119,0,0,0,0,62,77,1,1,35,38
80,24,base,1,agent,leaf,67,12,300,100,116,0,0,0,0,62,77,1,1,35,38
80,24,base,1,agent,full,67,12,0,115,126,0,0,2,5,70,76,1,1,35,39
80,24,base,1,files,clean,152,11,0,112,151,0,0,0,0,74,98,1,1,37,39
80,24,base,1,files,leaf,152,11,300,112,126,0,0,0,0,73,81,1,1,36,39
80,24,base,1,files,full,152,11,0,170,272,0,0,27,32,93,120,1,1,36,39
80,24,base,1,editor,clean,42,20,0,90,105,0,0,0,0,53,62,1,1,35,38
80,24,base,1,editor,leaf,42,20,300,90,102,0,0,0,0,53,60,1,1,35,38
80,24,base,1,editor,full,42,20,0,100,113,0,0,6,9,52,60,1,1,35,38
80,24,base,1,finance,clean,143,12,0,164,226,0,0,0,0,126,177,1,1,37,40
80,24,base,1,finance,leaf,143,12,300,165,223,0,0,0,0,126,180,1,3,37,40
80,24,base,1,finance,full,143,12,0,182,241,0,0,5,8,125,168,1,1,37,40
80,24,base,2,dashboard,clean,144,11,0,209,315,0,0,0,0,167,272,1,1,39,42
80,24,base,2,dashboard,leaf,144,11,300,209,327,0,0,0,0,167,281,1,1,39,42
80,24,base,2,dashboard,full,144,11,0,227,350,0,0,5,10,167,285,1,1,39,42
80,24,base,2,agent,clean,67,12,0,100,114,0,0,0,0,63,75,1,1,35,38
80,24,base,2,agent,leaf,67,12,300,101,120,0,0,0,0,63,75,1,1,36,38
80,24,base,2,agent,full,67,12,0,115,128,0,0,2,6,71,77,1,1,36,38
80,24,base,2,files,clean,152,11,0,110,130,0,0,0,0,71,84,1,1,37,40
80,24,base,2,files,leaf,152,11,300,110,123,0,0,0,0,71,80,1,1,36,39
80,24,base,2,files,full,152,11,0,168,242,0,0,25,32,91,140,1,1,36,39
80,24,base,2,editor,clean,42,20,0,90,100,0,0,0,0,53,60,1,1,35,37
80,24,base,2,editor,leaf,42,20,300,90,101,0,0,0,0,53,60,1,1,35,37
80,24,base,2,editor,full,42,20,0,100,111,0,0,7,10,52,58,1,1,35,38
80,24,base,2,finance,clean,143,12,0,163,256,0,0,0,0,124,202,1,1,37,40
80,24,base,2,finance,leaf,143,12,300,163,188,0,0,0,0,124,137,1,1,37,39
80,24,base,2,finance,full,143,12,0,181,284,0,0,5,8,124,229,1,1,37,40
80,24,candidate,1,dashboard,clean,144,11,0,125,166,0,0,0,0,94,122,1,2,28,34
80,24,candidate,1,dashboard,leaf,144,11,300,125,163,0,0,0,0,94,122,1,2,28,34
80,24,candidate,1,dashboard,full,144,11,0,143,184,0,0,5,10,94,122,1,2,28,34
80,24,candidate,1,agent,clean,67,12,0,37,42,0,0,0,0,21,25,1,1,14,14
80,24,candidate,1,agent,leaf,67,12,300,37,45,0,0,0,0,20,27,1,1,14,14
80,24,candidate,1,agent,full,67,12,0,50,60,0,0,2,5,27,35,1,1,14,14
80,24,candidate,1,files,clean,152,11,0,50,55,0,0,0,0,30,35,1,1,17,18
80,24,candidate,1,files,leaf,152,11,300,50,59,0,0,0,0,30,36,1,1,18,19
80,24,candidate,1,files,full,152,11,0,108,127,0,0,27,34,48,56,1,2,18,19
80,24,candidate,1,editor,clean,42,20,0,37,41,0,0,0,0,22,25,1,1,12,13
80,24,candidate,1,editor,leaf,42,20,300,37,42,0,0,0,0,23,27,1,2,12,13
80,24,candidate,1,editor,full,42,20,0,47,52,0,0,7,10,21,25,1,1,12,13
80,24,candidate,1,finance,clean,143,12,0,78,86,0,0,0,0,52,59,1,2,24,25
80,24,candidate,1,finance,leaf,143,12,300,79,86,0,0,0,0,52,58,1,1,24,26
80,24,candidate,1,finance,full,143,12,0,96,109,0,0,4,8,51,59,1,1,24,26
80,24,candidate,2,dashboard,clean,144,11,0,122,142,0,0,0,0,92,105,1,2,28,30
80,24,candidate,2,dashboard,leaf,144,11,300,123,163,0,0,0,0,92,123,1,2,28,31
80,24,candidate,2,dashboard,full,144,11,0,141,176,0,0,5,9,92,112,1,2,28,30
80,24,candidate,2,agent,clean,67,12,0,37,42,0,0,0,0,21,26,1,1,14,15
80,24,candidate,2,agent,leaf,67,12,300,38,43,0,0,0,0,21,26,1,1,14,15
80,24,candidate,2,agent,full,67,12,0,51,58,0,0,2,5,28,32,1,1,14,15
80,24,candidate,2,files,clean,152,11,0,50,55,0,0,0,0,30,35,1,1,17,18
80,24,candidate,2,files,leaf,152,11,300,50,55,0,0,0,0,30,34,1,1,17,18
80,24,candidate,2,files,full,152,11,0,106,121,0,0,27,32,47,56,1,1,18,19
80,24,candidate,2,editor,clean,42,20,0,36,40,0,0,0,0,22,26,1,1,11,12
80,24,candidate,2,editor,leaf,42,20,300,36,41,0,0,0,0,22,26,1,1,12,12
80,24,candidate,2,editor,full,42,20,0,47,51,0,0,7,10,21,25,1,1,12,12
80,24,candidate,2,finance,clean,143,12,0,79,93,0,0,0,0,53,59,1,1,24,25
80,24,candidate,2,finance,leaf,143,12,300,80,87,0,0,0,0,53,58,1,2,24,25
80,24,candidate,2,finance,full,143,12,0,97,107,0,0,4,8,52,59,1,1,24,25
120,40,base,1,dashboard,clean,144,11,0,394,606,0,0,0,0,296,505,2,3,94,102
120,40,base,1,dashboard,leaf,144,11,300,395,591,0,0,0,0,295,485,2,3,94,102
120,40,base,1,dashboard,full,144,11,0,415,612,0,0,6,10,296,490,2,3,94,100
120,40,base,1,agent,clean,67,12,0,202,239,0,0,0,0,113,149,2,3,85,92
120,40,base,1,agent,leaf,67,12,300,203,232,0,0,0,0,113,137,2,3,85,91
120,40,base,1,agent,full,67,12,0,219,257,0,0,2,6,122,152,2,3,85,91
120,40,base,1,files,clean,152,11,0,220,246,0,0,0,0,129,147,2,5,87,93
120,40,base,1,files,leaf,152,11,300,221,244,0,0,0,0,129,144,2,3,87,94
120,40,base,1,files,full,152,11,0,277,323,0,0,25,33,148,167,2,3,87,95
120,40,base,1,editor,clean,42,20,0,190,209,0,0,0,0,101,113,2,3,85,91
120,40,base,1,editor,leaf,42,20,300,190,210,0,0,0,0,101,116,2,6,84,89
120,40,base,1,editor,full,42,20,0,203,224,0,0,10,14,101,109,2,3,84,93
120,40,base,1,finance,clean,283,12,0,396,510,0,0,0,0,299,382,2,3,93,101
120,40,base,1,finance,leaf,283,12,300,397,559,0,0,0,0,300,454,2,3,93,101
120,40,base,1,finance,full,283,12,0,435,555,0,0,11,21,301,391,2,3,92,102
120,40,base,2,dashboard,clean,144,11,0,410,653,0,0,0,0,307,536,3,3,98,116
120,40,base,2,dashboard,leaf,144,11,300,410,635,0,0,0,0,305,522,3,4,98,116
120,40,base,2,dashboard,full,144,11,0,429,680,0,0,7,14,306,548,3,4,98,114
120,40,base,2,agent,clean,67,12,0,208,284,0,0,0,0,115,154,2,6,87,107
120,40,base,2,agent,leaf,67,12,300,211,254,0,0,0,0,117,148,2,5,88,100
120,40,base,2,agent,full,67,12,0,226,290,0,0,3,10,126,165,2,5,88,100
120,40,base,2,files,clean,152,11,0,224,267,0,0,0,0,131,164,2,6,89,104
120,40,base,2,files,leaf,152,11,300,223,277,0,0,0,0,130,171,2,5,89,98
120,40,base,2,files,full,152,11,0,283,375,0,0,26,43,150,196,2,5,89,101
120,40,base,2,editor,clean,42,20,0,189,221,0,0,0,0,100,117,2,5,85,101
120,40,base,2,editor,leaf,42,20,300,190,238,0,0,0,0,100,138,2,6,85,97
120,40,base,2,editor,full,42,20,0,203,240,0,0,10,16,100,126,2,6,85,100
120,40,base,2,finance,clean,283,12,0,401,488,0,0,0,0,302,383,2,3,94,102
120,40,base,2,finance,leaf,283,12,300,402,492,0,0,0,0,303,386,2,3,93,101
120,40,base,2,finance,full,283,12,0,439,546,0,0,11,20,304,379,2,4,93,100
120,40,candidate,1,dashboard,clean,144,11,0,210,265,0,0,0,0,153,202,4,4,52,55
120,40,candidate,1,dashboard,leaf,144,11,300,211,288,0,0,0,0,153,184,4,4,52,56
120,40,candidate,1,dashboard,full,144,11,0,228,326,0,0,5,10,153,189,4,4,52,55
120,40,candidate,1,agent,clean,67,12,0,64,69,0,0,0,0,36,41,4,4,22,24
120,40,candidate,1,agent,leaf,67,12,300,65,74,0,0,0,0,36,41,4,4,23,24
120,40,candidate,1,agent,full,67,12,0,79,86,0,0,2,5,43,49,4,4,22,24
120,40,candidate,1,files,clean,152,11,0,79,88,0,0,0,0,46,50,4,4,28,31
120,40,candidate,1,files,leaf,152,11,300,80,92,0,0,0,0,46,52,4,5,28,31
120,40,candidate,1,files,full,152,11,0,136,159,0,0,26,33,63,71,4,4,29,31
120,40,candidate,1,editor,clean,42,20,0,60,65,0,0,0,0,35,40,4,4,20,21
120,40,candidate,1,editor,leaf,42,20,300,61,67,0,0,0,0,35,40,4,4,20,21
120,40,candidate,1,editor,full,42,20,0,74,80,0,0,10,13,34,39,4,4,20,20
120,40,candidate,1,finance,clean,283,12,0,197,268,0,0,0,0,133,169,4,4,58,62
120,40,candidate,1,finance,leaf,283,12,300,196,229,0,0,0,0,132,158,4,4,58,62
120,40,candidate,1,finance,full,283,12,0,234,360,0,0,10,15,133,203,4,4,58,63
120,40,candidate,2,dashboard,clean,144,11,0,211,295,0,0,0,0,154,199,4,4,52,56
120,40,candidate,2,dashboard,leaf,144,11,300,212,249,0,0,0,0,154,183,4,5,52,55
120,40,candidate,2,dashboard,full,144,11,0,229,348,0,0,5,10,154,238,4,4,52,56
120,40,candidate,2,agent,clean,67,12,0,63,70,0,0,0,0,35,40,4,4,22,24
120,40,candidate,2,agent,leaf,67,12,300,63,69,0,0,0,0,35,40,4,4,23,24
120,40,candidate,2,agent,full,67,12,0,77,85,0,0,2,5,42,47,4,4,23,24
120,40,candidate,2,files,clean,152,11,0,79,91,0,0,0,0,46,51,4,4,28,30
120,40,candidate,2,files,leaf,152,11,300,80,89,0,0,0,0,46,51,4,4,28,30
120,40,candidate,2,files,full,152,11,0,136,162,0,0,26,32,63,72,4,4,29,31
120,40,candidate,2,editor,clean,42,20,0,59,73,0,0,0,0,34,40,4,4,20,21
120,40,candidate,2,editor,leaf,42,20,300,59,66,0,0,0,0,34,40,4,4,20,21
120,40,candidate,2,editor,full,42,20,0,72,81,0,0,10,13,34,39,4,4,20,21
120,40,candidate,2,finance,clean,283,12,0,198,261,0,0,0,0,134,179,4,5,59,63
120,40,candidate,2,finance,leaf,283,12,300,199,251,0,0,0,0,134,176,4,5,60,63
120,40,candidate,2,finance,full,283,12,0,236,362,0,0,10,16,134,199,4,5,59,64
200,60,base,1,dashboard,clean,144,11,0,794,930,0,0,0,0,548,675,7,11,236,252
200,60,base,1,dashboard,leaf,144,11,300,795,938,0,0,0,0,546,672,7,11,237,257
200,60,base,1,dashboard,full,144,11,0,817,974,0,0,6,10,548,695,7,10,237,265
200,60,base,1,agent,clean,67,12,0,475,654,0,0,0,0,240,424,7,10,226,238
200,60,base,1,agent,leaf,67,12,300,477,509,0,0,0,0,239,259,7,10,228,240
200,60,base,1,agent,full,67,12,0,491,539,0,0,2,7,248,269,7,9,227,247
200,60,base,1,files,clean,152,11,0,507,585,0,0,0,0,264,316,7,11,233,250
200,60,base,1,files,leaf,152,11,300,507,556,0,0,0,0,264,292,7,11,232,246
200,60,base,1,files,full,152,11,0,568,907,0,0,26,35,285,630,7,10,234,245
200,60,base,1,editor,clean,42,20,0,467,516,0,0,0,0,224,255,7,12,234,249
200,60,base,1,editor,leaf,42,20,300,471,537,0,0,0,0,224,257,7,12,236,257
200,60,base,1,editor,full,42,20,0,488,568,0,0,15,25,224,256,7,11,235,248
200,60,base,1,finance,clean,283,12,0,871,1018,0,0,0,0,615,763,7,10,241,261
200,60,base,1,finance,leaf,283,12,300,871,1245,0,0,0,0,612,992,7,10,243,272
200,60,base,1,finance,full,283,12,0,914,1375,0,0,13,22,617,1090,7,10,241,256
200,60,base,2,dashboard,clean,144,11,0,816,1065,0,0,0,0,562,773,7,12,242,287
200,60,base,2,dashboard,leaf,144,11,300,821,1184,0,0,0,0,563,874,7,11,243,286
200,60,base,2,dashboard,full,144,11,0,845,1187,0,0,9,16,565,881,7,10,243,305
200,60,base,2,agent,clean,67,12,0,483,713,0,0,0,0,245,469,7,10,229,251
200,60,base,2,agent,leaf,67,12,300,484,562,0,0,0,0,243,288,7,10,230,258
200,60,base,2,agent,full,67,12,0,503,575,0,0,4,13,253,295,7,10,229,259
200,60,base,2,files,clean,152,11,0,510,570,0,0,0,0,265,309,7,11,233,258
200,60,base,2,files,leaf,152,11,300,509,579,0,0,0,0,265,313,7,11,233,259
200,60,base,2,files,full,152,11,0,576,812,0,0,28,42,286,510,7,10,233,251
200,60,base,2,editor,clean,42,20,0,469,591,0,0,0,0,226,300,7,12,233,274
200,60,base,2,editor,leaf,42,20,300,472,602,0,0,0,0,226,293,7,12,236,279
200,60,base,2,editor,full,42,20,0,492,630,0,0,17,28,226,299,7,12,233,283
200,60,base,2,finance,clean,283,12,0,881,1043,0,0,0,0,625,782,7,11,246,275
200,60,base,2,finance,leaf,283,12,300,888,1250,0,0,0,0,628,997,7,10,246,278
200,60,base,2,finance,full,283,12,0,937,1418,0,0,16,27,628,1138,7,10,247,281
200,60,candidate,1,dashboard,clean,144,11,0,381,607,0,0,0,0,265,479,11,26,102,119
200,60,candidate,1,dashboard,leaf,144,11,300,382,621,0,0,0,0,265,496,11,25,102,115
200,60,candidate,1,dashboard,full,144,11,0,401,654,0,0,6,14,266,490,11,23,102,134
200,60,candidate,1,agent,clean,67,12,0,128,152,0,0,0,0,69,75,11,29,46,48
200,60,candidate,1,agent,leaf,67,12,300,129,151,0,0,0,0,69,75,11,19,47,48
200,60,candidate,1,agent,full,67,12,0,143,184,0,0,2,7,77,91,11,12,47,49
200,60,candidate,1,files,clean,152,11,0,152,180,0,0,0,0,84,93,11,15,55,57
200,60,candidate,1,files,leaf,152,11,300,152,180,0,0,0,0,83,94,11,13,55,58
200,60,candidate,1,files,full,152,11,0,210,268,0,0,27,39,102,119,11,17,56,58
200,60,candidate,1,editor,clean,42,20,0,122,142,0,0,0,0,68,71,11,13,42,42
200,60,candidate,1,editor,leaf,42,20,300,122,144,0,0,0,0,68,70,11,12,41,43
200,60,candidate,1,editor,full,42,20,0,140,167,0,0,15,20,68,71,11,12,41,43
200,60,candidate,1,finance,clean,283,12,0,418,585,0,0,0,0,285,446,11,24,119,127
200,60,candidate,1,finance,leaf,283,12,300,418,476,0,0,0,0,284,337,11,23,118,125
200,60,candidate,1,finance,full,283,12,0,456,524,0,0,11,19,284,332,11,18,118,127
200,60,candidate,2,dashboard,clean,144,11,0,379,495,0,0,0,0,264,384,11,25,101,110
200,60,candidate,2,dashboard,leaf,144,11,300,381,511,0,0,0,0,264,395,11,24,101,108
200,60,candidate,2,dashboard,full,144,11,0,399,576,0,0,6,13,264,402,11,22,101,107
200,60,candidate,2,agent,clean,67,12,0,128,145,0,0,0,0,69,76,11,12,46,48
200,60,candidate,2,agent,leaf,67,12,300,128,151,0,0,0,0,69,77,11,13,46,49
200,60,candidate,2,agent,full,67,12,0,143,173,0,0,2,7,77,86,11,12,46,48
200,60,candidate,2,files,clean,152,11,0,147,166,0,0,0,0,81,88,11,12,54,56
200,60,candidate,2,files,leaf,152,11,300,148,178,0,0,0,0,81,94,11,12,54,57
200,60,candidate,2,files,full,152,11,0,205,238,0,0,26,32,99,108,11,12,55,57
200,60,candidate,2,editor,clean,42,20,0,119,143,0,0,0,0,66,74,11,18,40,42
200,60,candidate,2,editor,leaf,42,20,300,119,142,0,0,0,0,66,72,11,12,40,43
200,60,candidate,2,editor,full,42,20,0,137,161,0,0,14,19,66,72,11,12,40,43
200,60,candidate,2,finance,clean,283,12,0,420,616,0,0,0,0,286,472,11,25,120,129
200,60,candidate,2,finance,leaf,283,12,300,420,518,0,0,0,0,285,372,11,23,119,133
200,60,candidate,2,finance,full,283,12,0,460,584,0,0,12,21,285,363,11,19,120,139
