kind,policy,wrap,lines,operation,frames,changedFrames,copiedUnits,fingerprint,medianUs,p95Us,dart,probe,variant,run
plain,spec,True,1000,open,60,60,0,1830451483,3333,5445,"3.12.2 (stable) (Tue Jun 9 01:11:39 2026 -0700) on ""macos_arm64""",document,base,0
plain,spec,True,1000,rebuild-same,60,0,0,1830451483,83,106,"3.12.2 (stable) (Tue Jun 9 01:11:39 2026 -0700) on ""macos_arm64""",document,base,0
plain,spec,True,1000,rebuild-equal,60,0,0,1830451483,82,213,"3.12.2 (stable) (Tue Jun 9 01:11:39 2026 -0700) on ""macos_arm64""",document,base,0
plain,spec,True,1000,edit,60,60,0,37686951,3714,8197,"3.12.2 (stable) (Tue Jun 9 01:11:39 2026 -0700) on ""macos_arm64""",document,base,0
plain,spec,True,1000,resize,60,60,0,1830451483,3260,12243,"3.12.2 (stable) (Tue Jun 9 01:11:39 2026 -0700) on ""macos_arm64""",document,base,0
plain,spec,True,1000,drag,60,60,0,1797951353,87,2068,"3.12.2 (stable) (Tue Jun 9 01:11:39 2026 -0700) on ""macos_arm64""",document,base,0
plain,spec,True,1000,copy,60,0,16730,4053437227,91,405,"3.12.2 (stable) (Tue Jun 9 01:11:39 2026 -0700) on ""macos_arm64""",document,base,0
plain,spec,True,1000,copy-all,60,0,5109930,2704721301,141,454,"3.12.2 (stable) (Tue Jun 9 01:11:39 2026 -0700) on ""macos_arm64""",document,base,0
plain,spec,True,1000,open,60,60,0,1830451483,3378,4746,"3.12.2 (stable) (Tue Jun 9 01:11:39 2026 -0700) on ""macos_arm64""",document,after,0
plain,spec,True,1000,rebuild-same,60,0,0,1830451483,83,93,"3.12.2 (stable) (Tue Jun 9 01:11:39 2026 -0700) on ""macos_arm64""",document,after,0
plain,spec,True,1000,rebuild-equal,60,0,0,1830451483,84,162,"3.12.2 (stable) (Tue Jun 9 01:11:39 2026 -0700) on ""macos_arm64""",document,after,0
plain,spec,True,1000,edit,60,60,0,37686951,3161,4367,"3.12.2 (stable) (Tue Jun 9 01:11:39 2026 -0700) on ""macos_arm64""",document,after,0
plain,spec,True,1000,resize,60,60,0,1830451483,3024,6511,"3.12.2 (stable) (Tue Jun 9 01:11:39 2026 -0700) on ""macos_arm64""",document,after,0
plain,spec,True,1000,drag,60,60,0,1797951353,84,89,"3.12.2 (stable) (Tue Jun 9 01:11:39 2026 -0700) on ""macos_arm64""",document,after,0
plain,spec,True,1000,copy,60,0,16730,4053437227,92,193,"3.12.2 (stable) (Tue Jun 9 01:11:39 2026 -0700) on ""macos_arm64""",document,after,0
plain,spec,True,1000,copy-all,60,0,5109930,2704721301,140,221,"3.12.2 (stable) (Tue Jun 9 01:11:39 2026 -0700) on ""macos_arm64""",document,after,0
plain,spec,False,1000,open,60,60,0,1830451483,1607,3172,"3.12.2 (stable) (Tue Jun 9 01:11:39 2026 -0700) on ""macos_arm64""",document,base,0
plain,spec,False,1000,rebuild-same,60,0,0,1830451483,82,212,"3.12.2 (stable) (Tue Jun 9 01:11:39 2026 -0700) on ""macos_arm64""",document,base,0
plain,spec,False,1000,rebuild-equal,60,0,0,1830451483,82,407,"3.12.2 (stable) (Tue Jun 9 01:11:39 2026 -0700) on ""macos_arm64""",document,base,0
plain,spec,False,1000,edit,60,60,0,37686951,1794,4015,"3.12.2 (stable) (Tue Jun 9 01:11:39 2026 -0700) on ""macos_arm64""",document,base,0
plain,spec,False,1000,resize,60,60,0,1830451483,504,1088,"3.12.2 (stable) (Tue Jun 9 01:11:39 2026 -0700) on ""macos_arm64""",document,base,0
plain,spec,False,1000,drag,60,60,0,1797951353,86,179,"3.12.2 (stable) (Tue Jun 9 01:11:39 2026 -0700) on ""macos_arm64""",document,base,0
plain,spec,False,1000,copy,60,0,16730,4053437227,94,372,"3.12.2 (stable) (Tue Jun 9 01:11:39 2026 -0700) on ""macos_arm64""",document,base,0
plain,spec,False,1000,copy-all,60,0,5109930,2704721301,126,267,"3.12.2 (stable) (Tue Jun 9 01:11:39 2026 -0700) on ""macos_arm64""",document,base,0
plain,spec,False,1000,open,60,60,0,1830451483,1416,2740,"3.12.2 (stable) (Tue Jun 9 01:11:39 2026 -0700) on ""macos_arm64""",document,after,0
plain,spec,False,1000,rebuild-same,60,0,0,1830451483,82,110,"3.12.2 (stable) (Tue Jun 9 01:11:39 2026 -0700) on ""macos_arm64""",document,after,0
plain,spec,False,1000,rebuild-equal,60,0,0,1830451483,83,90,"3.12.2 (stable) (Tue Jun 9 01:11:39 2026 -0700) on ""macos_arm64""",document,after,0
plain,spec,False,1000,edit,60,60,0,37686951,1703,3554,"3.12.2 (stable) (Tue Jun 9 01:11:39 2026 -0700) on ""macos_arm64""",document,after,0
plain,spec,False,1000,resize,60,60,0,1830451483,110,244,"3.12.2 (stable) (Tue Jun 9 01:11:39 2026 -0700) on ""macos_arm64""",document,after,0
plain,spec,False,1000,drag,60,60,0,1797951353,86,305,"3.12.2 (stable) (Tue Jun 9 01:11:39 2026 -0700) on ""macos_arm64""",document,after,0
plain,spec,False,1000,copy,60,0,16730,4053437227,94,225,"3.12.2 (stable) (Tue Jun 9 01:11:39 2026 -0700) on ""macos_arm64""",document,after,0
plain,spec,False,1000,copy-all,60,0,5109930,2704721301,124,322,"3.12.2 (stable) (Tue Jun 9 01:11:39 2026 -0700) on ""macos_arm64""",document,after,0
plain,spec,True,10000,open,60,60,0,1830451483,41396,67303,"3.12.2 (stable) (Tue Jun 9 01:11:39 2026 -0700) on ""macos_arm64""",document,base,0
plain,spec,True,10000,rebuild-same,60,0,0,1830451483,84,117,"3.12.2 (stable) (Tue Jun 9 01:11:39 2026 -0700) on ""macos_arm64""",document,base,0
plain,spec,True,10000,rebuild-equal,60,0,0,1830451483,84,126,"3.12.2 (stable) (Tue Jun 9 01:11:39 2026 -0700) on ""macos_arm64""",document,base,0
plain,spec,True,10000,edit,60,60,0,37686951,41022,78339,"3.12.2 (stable) (Tue Jun 9 01:11:39 2026 -0700) on ""macos_arm64""",document,base,0
plain,spec,True,10000,resize,60,60,0,1830451483,37895,59163,"3.12.2 (stable) (Tue Jun 9 01:11:39 2026 -0700) on ""macos_arm64""",document,base,0
plain,spec,True,10000,drag,60,60,0,2724726841,112,161,"3.12.2 (stable) (Tue Jun 9 01:11:39 2026 -0700) on ""macos_arm64""",document,base,0
plain,spec,True,10000,copy,60,0,16730,1404687173,181,399,"3.12.2 (stable) (Tue Jun 9 01:11:39 2026 -0700) on ""macos_arm64""",document,base,0
plain,spec,True,10000,copy-all,60,0,51099930,3813876293,1301,4434,"3.12.2 (stable) (Tue Jun 9 01:11:39 2026 -0700) on ""macos_arm64""",document,base,0
plain,spec,True,10000,open,60,60,0,1830451483,37613,54935,"3.12.2 (stable) (Tue Jun 9 01:11:39 2026 -0700) on ""macos_arm64""",document,after,0
plain,spec,True,10000,rebuild-same,60,0,0,1830451483,83,127,"3.12.2 (stable) (Tue Jun 9 01:11:39 2026 -0700) on ""macos_arm64""",document,after,0
plain,spec,True,10000,rebuild-equal,60,0,0,1830451483,83,162,"3.12.2 (stable) (Tue Jun 9 01:11:39 2026 -0700) on ""macos_arm64""",document,after,0
plain,spec,True,10000,edit,60,60,0,37686951,37661,64589,"3.12.2 (stable) (Tue Jun 9 01:11:39 2026 -0700) on ""macos_arm64""",document,after,0
plain,spec,True,10000,resize,60,60,0,1830451483,33394,49247,"3.12.2 (stable) (Tue Jun 9 01:11:39 2026 -0700) on ""macos_arm64""",document,after,0
plain,spec,True,10000,drag,60,60,0,2724726841,110,294,"3.12.2 (stable) (Tue Jun 9 01:11:39 2026 -0700) on ""macos_arm64""",document,after,0
plain,spec,True,10000,copy,60,0,16730,1404687173,173,589,"3.12.2 (stable) (Tue Jun 9 01:11:39 2026 -0700) on ""macos_arm64""",document,after,0
plain,spec,True,10000,copy-all,60,0,51099930,3813876293,989,3511,"3.12.2 (stable) (Tue Jun 9 01:11:39 2026 -0700) on ""macos_arm64""",document,after,0
plain,spec,False,10000,open,60,60,0,1830451483,23612,42491,"3.12.2 (stable) (Tue Jun 9 01:11:39 2026 -0700) on ""macos_arm64""",document,base,0
plain,spec,False,10000,rebuild-same,60,0,0,1830451483,128,477,"3.12.2 (stable) (Tue Jun 9 01:11:39 2026 -0700) on ""macos_arm64""",document,base,0
plain,spec,False,10000,rebuild-equal,60,0,0,1830451483,251,3819,"3.12.2 (stable) (Tue Jun 9 01:11:39 2026 -0700) on ""macos_arm64""",document,base,0
plain,spec,False,10000,edit,60,60,0,37686951,33171,160332,"3.12.2 (stable) (Tue Jun 9 01:11:39 2026 -0700) on ""macos_arm64""",document,base,0
plain,spec,False,10000,resize,60,60,0,1830451483,7765,14082,"3.12.2 (stable) (Tue Jun 9 01:11:39 2026 -0700) on ""macos_arm64""",document,base,0
plain,spec,False,10000,drag,60,60,0,2724726841,115,555,"3.12.2 (stable) (Tue Jun 9 01:11:39 2026 -0700) on ""macos_arm64""",document,base,0
plain,spec,False,10000,copy,60,0,16730,1404687173,190,1168,"3.12.2 (stable) (Tue Jun 9 01:11:39 2026 -0700) on ""macos_arm64""",document,base,0
plain,spec,False,10000,copy-all,60,0,51099930,3813876293,1243,6895,"3.12.2 (stable) (Tue Jun 9 01:11:39 2026 -0700) on ""macos_arm64""",document,base,0
plain,spec,False,10000,open,60,60,0,1830451483,20327,58799,"3.12.2 (stable) (Tue Jun 9 01:11:39 2026 -0700) on ""macos_arm64""",document,after,0
plain,spec,False,10000,rebuild-same,60,0,0,1830451483,94,311,"3.12.2 (stable) (Tue Jun 9 01:11:39 2026 -0700) on ""macos_arm64""",document,after,0
plain,spec,False,10000,rebuild-equal,60,0,0,1830451483,87,368,"3.12.2 (stable) (Tue Jun 9 01:11:39 2026 -0700) on ""macos_arm64""",document,after,0
plain,spec,False,10000,edit,60,60,0,37686951,15810,31921,"3.12.2 (stable) (Tue Jun 9 01:11:39 2026 -0700) on ""macos_arm64""",document,after,0
plain,spec,False,10000,resize,60,60,0,1830451483,244,369,"3.12.2 (stable) (Tue Jun 9 01:11:39 2026 -0700) on ""macos_arm64""",document,after,0
plain,spec,False,10000,drag,60,60,0,2724726841,108,112,"3.12.2 (stable) (Tue Jun 9 01:11:39 2026 -0700) on ""macos_arm64""",document,after,0
plain,spec,False,10000,copy,60,0,16730,1404687173,210,1192,"3.12.2 (stable) (Tue Jun 9 01:11:39 2026 -0700) on ""macos_arm64""",document,after,0
plain,spec,False,10000,copy-all,60,0,51099930,3813876293,1066,5768,"3.12.2 (stable) (Tue Jun 9 01:11:39 2026 -0700) on ""macos_arm64""",document,after,0
plain,spec,True,1000,open,60,60,0,1830451483,4276,7826,"3.12.2 (stable) (Tue Jun 9 01:11:39 2026 -0700) on ""macos_arm64""",document,after,1
plain,spec,True,1000,rebuild-same,60,0,0,1830451483,94,351,"3.12.2 (stable) (Tue Jun 9 01:11:39 2026 -0700) on ""macos_arm64""",document,after,1
plain,spec,True,1000,rebuild-equal,60,0,0,1830451483,163,2642,"3.12.2 (stable) (Tue Jun 9 01:11:39 2026 -0700) on ""macos_arm64""",document,after,1
plain,spec,True,1000,edit,60,60,0,37686951,4548,10783,"3.12.2 (stable) (Tue Jun 9 01:11:39 2026 -0700) on ""macos_arm64""",document,after,1
plain,spec,True,1000,resize,60,60,0,1830451483,2922,5097,"3.12.2 (stable) (Tue Jun 9 01:11:39 2026 -0700) on ""macos_arm64""",document,after,1
plain,spec,True,1000,drag,60,60,0,1797951353,96,211,"3.12.2 (stable) (Tue Jun 9 01:11:39 2026 -0700) on ""macos_arm64""",document,after,1
plain,spec,True,1000,copy,60,0,16730,4053437227,120,1213,"3.12.2 (stable) (Tue Jun 9 01:11:39 2026 -0700) on ""macos_arm64""",document,after,1
plain,spec,True,1000,copy-all,60,0,5109930,2704721301,167,705,"3.12.2 (stable) (Tue Jun 9 01:11:39 2026 -0700) on ""macos_arm64""",document,after,1
plain,spec,True,1000,open,60,60,0,1830451483,4982,9581,"3.12.2 (stable) (Tue Jun 9 01:11:39 2026 -0700) on ""macos_arm64""",document,base,1
plain,spec,True,1000,rebuild-same,60,0,0,1830451483,94,210,"3.12.2 (stable) (Tue Jun 9 01:11:39 2026 -0700) on ""macos_arm64""",document,base,1
plain,spec,True,1000,rebuild-equal,60,0,0,1830451483,96,550,"3.12.2 (stable) (Tue Jun 9 01:11:39 2026 -0700) on ""macos_arm64""",document,base,1
plain,spec,True,1000,edit,60,60,0,37686951,4792,8603,"3.12.2 (stable) (Tue Jun 9 01:11:39 2026 -0700) on ""macos_arm64""",document,base,1
plain,spec,True,1000,resize,60,60,0,1830451483,6011,26469,"3.12.2 (stable) (Tue Jun 9 01:11:39 2026 -0700) on ""macos_arm64""",document,base,1
plain,spec,True,1000,drag,60,60,0,1797951353,88,350,"3.12.2 (stable) (Tue Jun 9 01:11:39 2026 -0700) on ""macos_arm64""",document,base,1
plain,spec,True,1000,copy,60,0,16730,4053437227,103,525,"3.12.2 (stable) (Tue Jun 9 01:11:39 2026 -0700) on ""macos_arm64""",document,base,1
plain,spec,True,1000,copy-all,60,0,5109930,2704721301,179,1026,"3.12.2 (stable) (Tue Jun 9 01:11:39 2026 -0700) on ""macos_arm64""",document,base,1
plain,spec,False,1000,open,60,60,0,1830451483,8598,54198,"3.12.2 (stable) (Tue Jun 9 01:11:39 2026 -0700) on ""macos_arm64""",document,after,1
plain,spec,False,1000,rebuild-same,60,0,0,1830451483,99,629,"3.12.2 (stable) (Tue Jun 9 01:11:39 2026 -0700) on ""macos_arm64""",document,after,1
plain,spec,False,1000,rebuild-equal,60,0,0,1830451483,94,525,"3.12.2 (stable) (Tue Jun 9 01:11:39 2026 -0700) on ""macos_arm64""",document,after,1
plain,spec,False,1000,edit,60,60,0,37686951,2514,10201,"3.12.2 (stable) (Tue Jun 9 01:11:39 2026 -0700) on ""macos_arm64""",document,after,1
plain,spec,False,1000,resize,60,60,0,1830451483,127,467,"3.12.2 (stable) (Tue Jun 9 01:11:39 2026 -0700) on ""macos_arm64""",document,after,1
plain,spec,False,1000,drag,60,60,0,1797951353,106,504,"3.12.2 (stable) (Tue Jun 9 01:11:39 2026 -0700) on ""macos_arm64""",document,after,1
plain,spec,False,1000,copy,60,0,16730,4053437227,106,1182,"3.12.2 (stable) (Tue Jun 9 01:11:39 2026 -0700) on ""macos_arm64""",document,after,1
plain,spec,False,1000,copy-all,60,0,5109930,2704721301,142,1888,"3.12.2 (stable) (Tue Jun 9 01:11:39 2026 -0700) on ""macos_arm64""",document,after,1
plain,spec,False,1000,open,60,60,0,1830451483,2284,4248,"3.12.2 (stable) (Tue Jun 9 01:11:39 2026 -0700) on ""macos_arm64""",document,base,1
plain,spec,False,1000,rebuild-same,60,0,0,1830451483,89,437,"3.12.2 (stable) (Tue Jun 9 01:11:39 2026 -0700) on ""macos_arm64""",document,base,1
plain,spec,False,1000,rebuild-equal,60,0,0,1830451483,97,431,"3.12.2 (stable) (Tue Jun 9 01:11:39 2026 -0700) on ""macos_arm64""",document,base,1
plain,spec,False,1000,edit,60,60,0,37686951,3424,7055,"3.12.2 (stable) (Tue Jun 9 01:11:39 2026 -0700) on ""macos_arm64""",document,base,1
plain,spec,False,1000,resize,60,60,0,1830451483,573,1540,"3.12.2 (stable) (Tue Jun 9 01:11:39 2026 -0700) on ""macos_arm64""",document,base,1
plain,spec,False,1000,drag,60,60,0,1797951353,89,277,"3.12.2 (stable) (Tue Jun 9 01:11:39 2026 -0700) on ""macos_arm64""",document,base,1
plain,spec,False,1000,copy,60,0,16730,4053437227,95,196,"3.12.2 (stable) (Tue Jun 9 01:11:39 2026 -0700) on ""macos_arm64""",document,base,1
plain,spec,False,1000,copy-all,60,0,5109930,2704721301,134,490,"3.12.2 (stable) (Tue Jun 9 01:11:39 2026 -0700) on ""macos_arm64""",document,base,1
plain,spec,True,10000,open,60,60,0,1830451483,42247,80140,"3.12.2 (stable) (Tue Jun 9 01:11:39 2026 -0700) on ""macos_arm64""",document,after,1
plain,spec,True,10000,rebuild-same,60,0,0,1830451483,94,105,"3.12.2 (stable) (Tue Jun 9 01:11:39 2026 -0700) on ""macos_arm64""",document,after,1
plain,spec,True,10000,rebuild-equal,60,0,0,1830451483,91,973,"3.12.2 (stable) (Tue Jun 9 01:11:39 2026 -0700) on ""macos_arm64""",document,after,1
plain,spec,True,10000,edit,60,60,0,37686951,50050,75127,"3.12.2 (stable) (Tue Jun 9 01:11:39 2026 -0700) on ""macos_arm64""",document,after,1
plain,spec,True,10000,resize,60,60,0,1830451483,41826,60648,"3.12.2 (stable) (Tue Jun 9 01:11:39 2026 -0700) on ""macos_arm64""",document,after,1
plain,spec,True,10000,drag,60,60,0,2724726841,124,806,"3.12.2 (stable) (Tue Jun 9 01:11:39 2026 -0700) on ""macos_arm64""",document,after,1
plain,spec,True,10000,copy,60,0,16730,1404687173,192,4430,"3.12.2 (stable) (Tue Jun 9 01:11:39 2026 -0700) on ""macos_arm64""",document,after,1
plain,spec,True,10000,copy-all,60,0,51099930,3813876293,1435,4806,"3.12.2 (stable) (Tue Jun 9 01:11:39 2026 -0700) on ""macos_arm64""",document,after,1
plain,spec,True,10000,open,60,60,0,1830451483,50782,102709,"3.12.2 (stable) (Tue Jun 9 01:11:39 2026 -0700) on ""macos_arm64""",document,base,1
plain,spec,True,10000,rebuild-same,60,0,0,1830451483,94,156,"3.12.2 (stable) (Tue Jun 9 01:11:39 2026 -0700) on ""macos_arm64""",document,base,1
plain,spec,True,10000,rebuild-equal,60,0,0,1830451483,93,257,"3.12.2 (stable) (Tue Jun 9 01:11:39 2026 -0700) on ""macos_arm64""",document,base,1
plain,spec,True,10000,edit,60,60,0,37686951,38784,51678,"3.12.2 (stable) (Tue Jun 9 01:11:39 2026 -0700) on ""macos_arm64""",document,base,1
plain,spec,True,10000,resize,60,60,0,1830451483,34967,44315,"3.12.2 (stable) (Tue Jun 9 01:11:39 2026 -0700) on ""macos_arm64""",document,base,1
plain,spec,True,10000,drag,60,60,0,2724726841,122,173,"3.12.2 (stable) (Tue Jun 9 01:11:39 2026 -0700) on ""macos_arm64""",document,base,1
plain,spec,True,10000,copy,60,0,16730,1404687173,163,230,"3.12.2 (stable) (Tue Jun 9 01:11:39 2026 -0700) on ""macos_arm64""",document,base,1
plain,spec,True,10000,copy-all,60,0,51099930,3813876293,673,1903,"3.12.2 (stable) (Tue Jun 9 01:11:39 2026 -0700) on ""macos_arm64""",document,base,1
plain,spec,False,10000,open,60,60,0,1830451483,16232,26688,"3.12.2 (stable) (Tue Jun 9 01:11:39 2026 -0700) on ""macos_arm64""",document,after,1
plain,spec,False,10000,rebuild-same,60,0,0,1830451483,92,124,"3.12.2 (stable) (Tue Jun 9 01:11:39 2026 -0700) on ""macos_arm64""",document,after,1
plain,spec,False,10000,rebuild-equal,60,0,0,1830451483,103,257,"3.12.2 (stable) (Tue Jun 9 01:11:39 2026 -0700) on ""macos_arm64""",document,after,1
plain,spec,False,10000,edit,60,60,0,37686951,13602,16445,"3.12.2 (stable) (Tue Jun 9 01:11:39 2026 -0700) on ""macos_arm64""",document,after,1
plain,spec,False,10000,resize,60,60,0,1830451483,268,336,"3.12.2 (stable) (Tue Jun 9 01:11:39 2026 -0700) on ""macos_arm64""",document,after,1
plain,spec,False,10000,drag,60,60,0,2724726841,113,136,"3.12.2 (stable) (Tue Jun 9 01:11:39 2026 -0700) on ""macos_arm64""",document,after,1
plain,spec,False,10000,copy,60,0,16730,1404687173,173,264,"3.12.2 (stable) (Tue Jun 9 01:11:39 2026 -0700) on ""macos_arm64""",document,after,1
plain,spec,False,10000,copy-all,60,0,51099930,3813876293,669,1856,"3.12.2 (stable) (Tue Jun 9 01:11:39 2026 -0700) on ""macos_arm64""",document,after,1
plain,spec,False,10000,open,60,60,0,1830451483,18261,27280,"3.12.2 (stable) (Tue Jun 9 01:11:39 2026 -0700) on ""macos_arm64""",document,base,1
plain,spec,False,10000,rebuild-same,60,0,0,1830451483,89,168,"3.12.2 (stable) (Tue Jun 9 01:11:39 2026 -0700) on ""macos_arm64""",document,base,1
plain,spec,False,10000,rebuild-equal,60,0,0,1830451483,86,206,"3.12.2 (stable) (Tue Jun 9 01:11:39 2026 -0700) on ""macos_arm64""",document,base,1
plain,spec,False,10000,edit,60,60,0,37686951,17491,20745,"3.12.2 (stable) (Tue Jun 9 01:11:39 2026 -0700) on ""macos_arm64""",document,base,1
plain,spec,False,10000,resize,60,60,0,1830451483,4266,6164,"3.12.2 (stable) (Tue Jun 9 01:11:39 2026 -0700) on ""macos_arm64""",document,base,1
plain,spec,False,10000,drag,60,60,0,2724726841,106,204,"3.12.2 (stable) (Tue Jun 9 01:11:39 2026 -0700) on ""macos_arm64""",document,base,1
plain,spec,False,10000,copy,60,0,16730,1404687173,164,331,"3.12.2 (stable) (Tue Jun 9 01:11:39 2026 -0700) on ""macos_arm64""",document,base,1
plain,spec,False,10000,copy-all,60,0,51099930,3813876293,716,2091,"3.12.2 (stable) (Tue Jun 9 01:11:39 2026 -0700) on ""macos_arm64""",document,base,1
plain,spec,True,1000,open,60,60,0,1830451483,3325,4576,"3.12.2 (stable) (Tue Jun 9 01:11:39 2026 -0700) on ""macos_arm64""",document,base,2
plain,spec,True,1000,rebuild-same,60,0,0,1830451483,82,124,"3.12.2 (stable) (Tue Jun 9 01:11:39 2026 -0700) on ""macos_arm64""",document,base,2
plain,spec,True,1000,rebuild-equal,60,0,0,1830451483,82,111,"3.12.2 (stable) (Tue Jun 9 01:11:39 2026 -0700) on ""macos_arm64""",document,base,2
plain,spec,True,1000,edit,60,60,0,37686951,3806,7009,"3.12.2 (stable) (Tue Jun 9 01:11:39 2026 -0700) on ""macos_arm64""",document,base,2
plain,spec,True,1000,resize,60,60,0,1830451483,2500,3142,"3.12.2 (stable) (Tue Jun 9 01:11:39 2026 -0700) on ""macos_arm64""",document,base,2
plain,spec,True,1000,drag,60,60,0,1797951353,81,122,"3.12.2 (stable) (Tue Jun 9 01:11:39 2026 -0700) on ""macos_arm64""",document,base,2
plain,spec,True,1000,copy,60,0,16730,4053437227,87,163,"3.12.2 (stable) (Tue Jun 9 01:11:39 2026 -0700) on ""macos_arm64""",document,base,2
plain,spec,True,1000,copy-all,60,0,5109930,2704721301,122,240,"3.12.2 (stable) (Tue Jun 9 01:11:39 2026 -0700) on ""macos_arm64""",document,base,2
plain,spec,True,1000,open,60,60,0,1830451483,3334,5052,"3.12.2 (stable) (Tue Jun 9 01:11:39 2026 -0700) on ""macos_arm64""",document,after,2
plain,spec,True,1000,rebuild-same,60,0,0,1830451483,81,99,"3.12.2 (stable) (Tue Jun 9 01:11:39 2026 -0700) on ""macos_arm64""",document,after,2
plain,spec,True,1000,rebuild-equal,60,0,0,1830451483,82,161,"3.12.2 (stable) (Tue Jun 9 01:11:39 2026 -0700) on ""macos_arm64""",document,after,2
plain,spec,True,1000,edit,60,60,0,37686951,3024,6701,"3.12.2 (stable) (Tue Jun 9 01:11:39 2026 -0700) on ""macos_arm64""",document,after,2
plain,spec,True,1000,resize,60,60,0,1830451483,3488,6511,"3.12.2 (stable) (Tue Jun 9 01:11:39 2026 -0700) on ""macos_arm64""",document,after,2
plain,spec,True,1000,drag,60,60,0,1797951353,84,325,"3.12.2 (stable) (Tue Jun 9 01:11:39 2026 -0700) on ""macos_arm64""",document,after,2
plain,spec,True,1000,copy,60,0,16730,4053437227,91,374,"3.12.2 (stable) (Tue Jun 9 01:11:39 2026 -0700) on ""macos_arm64""",document,after,2
plain,spec,True,1000,copy-all,60,0,5109930,2704721301,153,358,"3.12.2 (stable) (Tue Jun 9 01:11:39 2026 -0700) on ""macos_arm64""",document,after,2
plain,spec,False,1000,open,60,60,0,1830451483,1632,3024,"3.12.2 (stable) (Tue Jun 9 01:11:39 2026 -0700) on ""macos_arm64""",document,base,2
plain,spec,False,1000,rebuild-same,60,0,0,1830451483,84,234,"3.12.2 (stable) (Tue Jun 9 01:11:39 2026 -0700) on ""macos_arm64""",document,base,2
plain,spec,False,1000,rebuild-equal,60,0,0,1830451483,83,227,"3.12.2 (stable) (Tue Jun 9 01:11:39 2026 -0700) on ""macos_arm64""",document,base,2
plain,spec,False,1000,edit,60,60,0,37686951,1794,4111,"3.12.2 (stable) (Tue Jun 9 01:11:39 2026 -0700) on ""macos_arm64""",document,base,2
plain,spec,False,1000,resize,60,60,0,1830451483,415,653,"3.12.2 (stable) (Tue Jun 9 01:11:39 2026 -0700) on ""macos_arm64""",document,base,2
plain,spec,False,1000,drag,60,60,0,1797951353,80,84,"3.12.2 (stable) (Tue Jun 9 01:11:39 2026 -0700) on ""macos_arm64""",document,base,2
plain,spec,False,1000,copy,60,0,16730,4053437227,85,92,"3.12.2 (stable) (Tue Jun 9 01:11:39 2026 -0700) on ""macos_arm64""",document,base,2
plain,spec,False,1000,copy-all,60,0,5109930,2704721301,118,196,"3.12.2 (stable) (Tue Jun 9 01:11:39 2026 -0700) on ""macos_arm64""",document,base,2
plain,spec,False,1000,open,60,60,0,1830451483,1396,2315,"3.12.2 (stable) (Tue Jun 9 01:11:39 2026 -0700) on ""macos_arm64""",document,after,2
plain,spec,False,1000,rebuild-same,60,0,0,1830451483,83,196,"3.12.2 (stable) (Tue Jun 9 01:11:39 2026 -0700) on ""macos_arm64""",document,after,2
plain,spec,False,1000,rebuild-equal,60,0,0,1830451483,82,112,"3.12.2 (stable) (Tue Jun 9 01:11:39 2026 -0700) on ""macos_arm64""",document,after,2
plain,spec,False,1000,edit,60,60,0,37686951,1321,1966,"3.12.2 (stable) (Tue Jun 9 01:11:39 2026 -0700) on ""macos_arm64""",document,after,2
plain,spec,False,1000,resize,60,60,0,1830451483,101,162,"3.12.2 (stable) (Tue Jun 9 01:11:39 2026 -0700) on ""macos_arm64""",document,after,2
plain,spec,False,1000,drag,60,60,0,1797951353,82,157,"3.12.2 (stable) (Tue Jun 9 01:11:39 2026 -0700) on ""macos_arm64""",document,after,2
plain,spec,False,1000,copy,60,0,16730,4053437227,88,152,"3.12.2 (stable) (Tue Jun 9 01:11:39 2026 -0700) on ""macos_arm64""",document,after,2
plain,spec,False,1000,copy-all,60,0,5109930,2704721301,121,238,"3.12.2 (stable) (Tue Jun 9 01:11:39 2026 -0700) on ""macos_arm64""",document,after,2
plain,spec,True,10000,open,60,60,0,1830451483,35581,50834,"3.12.2 (stable) (Tue Jun 9 01:11:39 2026 -0700) on ""macos_arm64""",document,base,2
plain,spec,True,10000,rebuild-same,60,0,0,1830451483,84,301,"3.12.2 (stable) (Tue Jun 9 01:11:39 2026 -0700) on ""macos_arm64""",document,base,2
plain,spec,True,10000,rebuild-equal,60,0,0,1830451483,83,89,"3.12.2 (stable) (Tue Jun 9 01:11:39 2026 -0700) on ""macos_arm64""",document,base,2
plain,spec,True,10000,edit,60,60,0,37686951,33928,39413,"3.12.2 (stable) (Tue Jun 9 01:11:39 2026 -0700) on ""macos_arm64""",document,base,2
plain,spec,True,10000,resize,60,60,0,1830451483,27685,31518,"3.12.2 (stable) (Tue Jun 9 01:11:39 2026 -0700) on ""macos_arm64""",document,base,2
plain,spec,True,10000,drag,60,60,0,2724726841,108,144,"3.12.2 (stable) (Tue Jun 9 01:11:39 2026 -0700) on ""macos_arm64""",document,base,2
plain,spec,True,10000,copy,60,0,16730,1404687173,159,242,"3.12.2 (stable) (Tue Jun 9 01:11:39 2026 -0700) on ""macos_arm64""",document,base,2
plain,spec,True,10000,copy-all,60,0,51099930,3813876293,641,1951,"3.12.2 (stable) (Tue Jun 9 01:11:39 2026 -0700) on ""macos_arm64""",document,base,2
plain,spec,True,10000,open,60,60,0,1830451483,28643,32443,"3.12.2 (stable) (Tue Jun 9 01:11:39 2026 -0700) on ""macos_arm64""",document,after,2
plain,spec,True,10000,rebuild-same,60,0,0,1830451483,83,164,"3.12.2 (stable) (Tue Jun 9 01:11:39 2026 -0700) on ""macos_arm64""",document,after,2
plain,spec,True,10000,rebuild-equal,60,0,0,1830451483,79,102,"3.12.2 (stable) (Tue Jun 9 01:11:39 2026 -0700) on ""macos_arm64""",document,after,2
plain,spec,True,10000,edit,60,60,0,37686951,30900,36396,"3.12.2 (stable) (Tue Jun 9 01:11:39 2026 -0700) on ""macos_arm64""",document,after,2
plain,spec,True,10000,resize,60,60,0,1830451483,24883,38173,"3.12.2 (stable) (Tue Jun 9 01:11:39 2026 -0700) on ""macos_arm64""",document,after,2
plain,spec,True,10000,drag,60,60,0,2724726841,109,237,"3.12.2 (stable) (Tue Jun 9 01:11:39 2026 -0700) on ""macos_arm64""",document,after,2
plain,spec,True,10000,copy,60,0,16730,1404687173,161,228,"3.12.2 (stable) (Tue Jun 9 01:11:39 2026 -0700) on ""macos_arm64""",document,after,2
plain,spec,True,10000,copy-all,60,0,51099930,3813876293,658,2172,"3.12.2 (stable) (Tue Jun 9 01:11:39 2026 -0700) on ""macos_arm64""",document,after,2
plain,spec,False,10000,open,60,60,0,1830451483,17890,27227,"3.12.2 (stable) (Tue Jun 9 01:11:39 2026 -0700) on ""macos_arm64""",document,base,2
plain,spec,False,10000,rebuild-same,60,0,0,1830451483,91,367,"3.12.2 (stable) (Tue Jun 9 01:11:39 2026 -0700) on ""macos_arm64""",document,base,2
plain,spec,False,10000,rebuild-equal,60,0,0,1830451483,82,169,"3.12.2 (stable) (Tue Jun 9 01:11:39 2026 -0700) on ""macos_arm64""",document,base,2
plain,spec,False,10000,edit,60,60,0,37686951,18318,26325,"3.12.2 (stable) (Tue Jun 9 01:11:39 2026 -0700) on ""macos_arm64""",document,base,2
plain,spec,False,10000,resize,60,60,0,1830451483,6363,15427,"3.12.2 (stable) (Tue Jun 9 01:11:39 2026 -0700) on ""macos_arm64""",document,base,2
plain,spec,False,10000,drag,60,60,0,2724726841,111,287,"3.12.2 (stable) (Tue Jun 9 01:11:39 2026 -0700) on ""macos_arm64""",document,base,2
plain,spec,False,10000,copy,60,0,16730,1404687173,171,384,"3.12.2 (stable) (Tue Jun 9 01:11:39 2026 -0700) on ""macos_arm64""",document,base,2
plain,spec,False,10000,copy-all,60,0,51099930,3813876293,1028,3714,"3.12.2 (stable) (Tue Jun 9 01:11:39 2026 -0700) on ""macos_arm64""",document,base,2
plain,spec,False,10000,open,60,60,0,1830451483,24334,57295,"3.12.2 (stable) (Tue Jun 9 01:11:39 2026 -0700) on ""macos_arm64""",document,after,2
plain,spec,False,10000,rebuild-same,60,0,0,1830451483,111,2257,"3.12.2 (stable) (Tue Jun 9 01:11:39 2026 -0700) on ""macos_arm64""",document,after,2
plain,spec,False,10000,rebuild-equal,60,0,0,1830451483,82,87,"3.12.2 (stable) (Tue Jun 9 01:11:39 2026 -0700) on ""macos_arm64""",document,after,2
plain,spec,False,10000,edit,60,60,0,37686951,15778,26313,"3.12.2 (stable) (Tue Jun 9 01:11:39 2026 -0700) on ""macos_arm64""",document,after,2
plain,spec,False,10000,resize,60,60,0,1830451483,233,363,"3.12.2 (stable) (Tue Jun 9 01:11:39 2026 -0700) on ""macos_arm64""",document,after,2
plain,spec,False,10000,drag,60,60,0,2724726841,116,406,"3.12.2 (stable) (Tue Jun 9 01:11:39 2026 -0700) on ""macos_arm64""",document,after,2
plain,spec,False,10000,copy,60,0,16730,1404687173,169,488,"3.12.2 (stable) (Tue Jun 9 01:11:39 2026 -0700) on ""macos_arm64""",document,after,2
plain,spec,False,10000,copy-all,60,0,51099930,3813876293,802,3132,"3.12.2 (stable) (Tue Jun 9 01:11:39 2026 -0700) on ""macos_arm64""",document,after,2
