kind,policy,wrap,lines,operation,frames,changedFrames,copiedUnits,fingerprint,medianUs,p95Us,dart,run,variant
plain,spec,True,1000,open,60,60,0,1830451483,2901,3317,"3.12.2 (stable) (Tue Jun 9 01:11:39 2026 -0700) on ""macos_arm64""",0,equal
plain,spec,True,1000,edit,60,60,0,37686951,2960,3179,"3.12.2 (stable) (Tue Jun 9 01:11:39 2026 -0700) on ""macos_arm64""",0,equal
plain,spec,True,1000,resize,60,60,0,1830451483,2115,2366,"3.12.2 (stable) (Tue Jun 9 01:11:39 2026 -0700) on ""macos_arm64""",0,equal
plain,spec,True,1000,open,60,60,0,1830451483,2672,2926,"3.12.2 (stable) (Tue Jun 9 01:11:39 2026 -0700) on ""macos_arm64""",0,multiline
plain,spec,True,1000,edit,60,60,0,37686951,2837,3262,"3.12.2 (stable) (Tue Jun 9 01:11:39 2026 -0700) on ""macos_arm64""",0,multiline
plain,spec,True,1000,resize,60,60,0,1830451483,2172,2475,"3.12.2 (stable) (Tue Jun 9 01:11:39 2026 -0700) on ""macos_arm64""",0,multiline
plain,spec,False,1000,open,60,60,0,1830451483,1512,2622,"3.12.2 (stable) (Tue Jun 9 01:11:39 2026 -0700) on ""macos_arm64""",0,equal
plain,spec,False,1000,edit,60,60,0,37686951,1582,3253,"3.12.2 (stable) (Tue Jun 9 01:11:39 2026 -0700) on ""macos_arm64""",0,equal
plain,spec,False,1000,resize,60,60,0,1830451483,109,139,"3.12.2 (stable) (Tue Jun 9 01:11:39 2026 -0700) on ""macos_arm64""",0,equal
plain,spec,False,1000,open,60,60,0,1830451483,1330,2674,"3.12.2 (stable) (Tue Jun 9 01:11:39 2026 -0700) on ""macos_arm64""",0,multiline
plain,spec,False,1000,edit,60,60,0,37686951,1312,1516,"3.12.2 (stable) (Tue Jun 9 01:11:39 2026 -0700) on ""macos_arm64""",0,multiline
plain,spec,False,1000,resize,60,60,0,1830451483,103,326,"3.12.2 (stable) (Tue Jun 9 01:11:39 2026 -0700) on ""macos_arm64""",0,multiline
plain,spec,True,10000,open,60,60,0,1830451483,29376,31417,"3.12.2 (stable) (Tue Jun 9 01:11:39 2026 -0700) on ""macos_arm64""",0,equal
plain,spec,True,10000,edit,60,60,0,37686951,29698,31870,"3.12.2 (stable) (Tue Jun 9 01:11:39 2026 -0700) on ""macos_arm64""",0,equal
plain,spec,True,10000,resize,60,60,0,1830451483,21560,23717,"3.12.2 (stable) (Tue Jun 9 01:11:39 2026 -0700) on ""macos_arm64""",0,equal
plain,spec,True,10000,open,60,60,0,1830451483,27301,29366,"3.12.2 (stable) (Tue Jun 9 01:11:39 2026 -0700) on ""macos_arm64""",0,multiline
plain,spec,True,10000,edit,60,60,0,37686951,28258,30559,"3.12.2 (stable) (Tue Jun 9 01:11:39 2026 -0700) on ""macos_arm64""",0,multiline
plain,spec,True,10000,resize,60,60,0,1830451483,22018,23994,"3.12.2 (stable) (Tue Jun 9 01:11:39 2026 -0700) on ""macos_arm64""",0,multiline
plain,spec,False,10000,open,60,60,0,1830451483,14659,16590,"3.12.2 (stable) (Tue Jun 9 01:11:39 2026 -0700) on ""macos_arm64""",0,equal
plain,spec,False,10000,edit,60,60,0,37686951,14699,16840,"3.12.2 (stable) (Tue Jun 9 01:11:39 2026 -0700) on ""macos_arm64""",0,equal
plain,spec,False,10000,resize,60,60,0,1830451483,303,402,"3.12.2 (stable) (Tue Jun 9 01:11:39 2026 -0700) on ""macos_arm64""",0,equal
plain,spec,False,10000,open,60,60,0,1830451483,11996,12278,"3.12.2 (stable) (Tue Jun 9 01:11:39 2026 -0700) on ""macos_arm64""",0,multiline
plain,spec,False,10000,edit,60,60,0,37686951,12071,12857,"3.12.2 (stable) (Tue Jun 9 01:11:39 2026 -0700) on ""macos_arm64""",0,multiline
plain,spec,False,10000,resize,60,60,0,1830451483,238,269,"3.12.2 (stable) (Tue Jun 9 01:11:39 2026 -0700) on ""macos_arm64""",0,multiline
plain,spec,True,1000,open,60,60,0,1830451483,2700,2945,"3.12.2 (stable) (Tue Jun 9 01:11:39 2026 -0700) on ""macos_arm64""",1,multiline
plain,spec,True,1000,edit,60,60,0,37686951,2844,3054,"3.12.2 (stable) (Tue Jun 9 01:11:39 2026 -0700) on ""macos_arm64""",1,multiline
plain,spec,True,1000,resize,60,60,0,1830451483,2104,2332,"3.12.2 (stable) (Tue Jun 9 01:11:39 2026 -0700) on ""macos_arm64""",1,multiline
plain,spec,True,1000,open,60,60,0,1830451483,2865,3467,"3.12.2 (stable) (Tue Jun 9 01:11:39 2026 -0700) on ""macos_arm64""",1,equal
plain,spec,True,1000,edit,60,60,0,37686951,2964,3501,"3.12.2 (stable) (Tue Jun 9 01:11:39 2026 -0700) on ""macos_arm64""",1,equal
plain,spec,True,1000,resize,60,60,0,1830451483,2072,2267,"3.12.2 (stable) (Tue Jun 9 01:11:39 2026 -0700) on ""macos_arm64""",1,equal
plain,spec,False,1000,open,60,60,0,1830451483,1252,1546,"3.12.2 (stable) (Tue Jun 9 01:11:39 2026 -0700) on ""macos_arm64""",1,multiline
plain,spec,False,1000,edit,60,60,0,37686951,1258,1482,"3.12.2 (stable) (Tue Jun 9 01:11:39 2026 -0700) on ""macos_arm64""",1,multiline
plain,spec,False,1000,resize,60,60,0,1830451483,106,232,"3.12.2 (stable) (Tue Jun 9 01:11:39 2026 -0700) on ""macos_arm64""",1,multiline
plain,spec,False,1000,open,60,60,0,1830451483,1452,1886,"3.12.2 (stable) (Tue Jun 9 01:11:39 2026 -0700) on ""macos_arm64""",1,equal
plain,spec,False,1000,edit,60,60,0,37686951,1448,1699,"3.12.2 (stable) (Tue Jun 9 01:11:39 2026 -0700) on ""macos_arm64""",1,equal
plain,spec,False,1000,resize,60,60,0,1830451483,108,173,"3.12.2 (stable) (Tue Jun 9 01:11:39 2026 -0700) on ""macos_arm64""",1,equal
plain,spec,True,10000,open,60,60,0,1830451483,27017,28972,"3.12.2 (stable) (Tue Jun 9 01:11:39 2026 -0700) on ""macos_arm64""",1,multiline
plain,spec,True,10000,edit,60,60,0,37686951,27881,29240,"3.12.2 (stable) (Tue Jun 9 01:11:39 2026 -0700) on ""macos_arm64""",1,multiline
plain,spec,True,10000,resize,60,60,0,1830451483,22578,25433,"3.12.2 (stable) (Tue Jun 9 01:11:39 2026 -0700) on ""macos_arm64""",1,multiline
plain,spec,True,10000,open,60,60,0,1830451483,29980,51638,"3.12.2 (stable) (Tue Jun 9 01:11:39 2026 -0700) on ""macos_arm64""",1,equal
plain,spec,True,10000,edit,60,60,0,37686951,29988,32287,"3.12.2 (stable) (Tue Jun 9 01:11:39 2026 -0700) on ""macos_arm64""",1,equal
plain,spec,True,10000,resize,60,60,0,1830451483,22751,24532,"3.12.2 (stable) (Tue Jun 9 01:11:39 2026 -0700) on ""macos_arm64""",1,equal
plain,spec,False,10000,open,60,60,0,1830451483,12054,12507,"3.12.2 (stable) (Tue Jun 9 01:11:39 2026 -0700) on ""macos_arm64""",1,multiline
plain,spec,False,10000,edit,60,60,0,37686951,12188,13298,"3.12.2 (stable) (Tue Jun 9 01:11:39 2026 -0700) on ""macos_arm64""",1,multiline
plain,spec,False,10000,resize,60,60,0,1830451483,229,331,"3.12.2 (stable) (Tue Jun 9 01:11:39 2026 -0700) on ""macos_arm64""",1,multiline
plain,spec,False,10000,open,60,60,0,1830451483,14673,16203,"3.12.2 (stable) (Tue Jun 9 01:11:39 2026 -0700) on ""macos_arm64""",1,equal
plain,spec,False,10000,edit,60,60,0,37686951,15003,16807,"3.12.2 (stable) (Tue Jun 9 01:11:39 2026 -0700) on ""macos_arm64""",1,equal
plain,spec,False,10000,resize,60,60,0,1830451483,341,474,"3.12.2 (stable) (Tue Jun 9 01:11:39 2026 -0700) on ""macos_arm64""",1,equal
plain,spec,True,1000,open,60,60,0,1830451483,3050,4285,"3.12.2 (stable) (Tue Jun 9 01:11:39 2026 -0700) on ""macos_arm64""",2,equal
plain,spec,True,1000,edit,60,60,0,37686951,2997,3683,"3.12.2 (stable) (Tue Jun 9 01:11:39 2026 -0700) on ""macos_arm64""",2,equal
plain,spec,True,1000,resize,60,60,0,1830451483,2040,2234,"3.12.2 (stable) (Tue Jun 9 01:11:39 2026 -0700) on ""macos_arm64""",2,equal
plain,spec,True,1000,open,60,60,0,1830451483,2704,2915,"3.12.2 (stable) (Tue Jun 9 01:11:39 2026 -0700) on ""macos_arm64""",2,multiline
plain,spec,True,1000,edit,60,60,0,37686951,2738,2994,"3.12.2 (stable) (Tue Jun 9 01:11:39 2026 -0700) on ""macos_arm64""",2,multiline
plain,spec,True,1000,resize,60,60,0,1830451483,2131,2388,"3.12.2 (stable) (Tue Jun 9 01:11:39 2026 -0700) on ""macos_arm64""",2,multiline
plain,spec,False,1000,open,60,60,0,1830451483,1491,1605,"3.12.2 (stable) (Tue Jun 9 01:11:39 2026 -0700) on ""macos_arm64""",2,equal
plain,spec,False,1000,edit,60,60,0,37686951,1513,1648,"3.12.2 (stable) (Tue Jun 9 01:11:39 2026 -0700) on ""macos_arm64""",2,equal
plain,spec,False,1000,resize,60,60,0,1830451483,107,232,"3.12.2 (stable) (Tue Jun 9 01:11:39 2026 -0700) on ""macos_arm64""",2,equal
plain,spec,False,1000,open,60,60,0,1830451483,1288,1925,"3.12.2 (stable) (Tue Jun 9 01:11:39 2026 -0700) on ""macos_arm64""",2,multiline
plain,spec,False,1000,edit,60,60,0,37686951,1296,1600,"3.12.2 (stable) (Tue Jun 9 01:11:39 2026 -0700) on ""macos_arm64""",2,multiline
plain,spec,False,1000,resize,60,60,0,1830451483,101,277,"3.12.2 (stable) (Tue Jun 9 01:11:39 2026 -0700) on ""macos_arm64""",2,multiline
plain,spec,True,10000,open,60,60,0,1830451483,29828,31748,"3.12.2 (stable) (Tue Jun 9 01:11:39 2026 -0700) on ""macos_arm64""",2,equal
plain,spec,True,10000,edit,60,60,0,37686951,32486,118453,"3.12.2 (stable) (Tue Jun 9 01:11:39 2026 -0700) on ""macos_arm64""",2,equal
plain,spec,True,10000,resize,60,60,0,1830451483,23079,34433,"3.12.2 (stable) (Tue Jun 9 01:11:39 2026 -0700) on ""macos_arm64""",2,equal
plain,spec,True,10000,open,60,60,0,1830451483,27757,29706,"3.12.2 (stable) (Tue Jun 9 01:11:39 2026 -0700) on ""macos_arm64""",2,multiline
plain,spec,True,10000,edit,60,60,0,37686951,30020,69510,"3.12.2 (stable) (Tue Jun 9 01:11:39 2026 -0700) on ""macos_arm64""",2,multiline
plain,spec,True,10000,resize,60,60,0,1830451483,35033,132709,"3.12.2 (stable) (Tue Jun 9 01:11:39 2026 -0700) on ""macos_arm64""",2,multiline
plain,spec,False,10000,open,60,60,0,1830451483,19898,71991,"3.12.2 (stable) (Tue Jun 9 01:11:39 2026 -0700) on ""macos_arm64""",2,equal
plain,spec,False,10000,edit,60,60,0,37686951,16923,23117,"3.12.2 (stable) (Tue Jun 9 01:11:39 2026 -0700) on ""macos_arm64""",2,equal
plain,spec,False,10000,resize,60,60,0,1830451483,304,543,"3.12.2 (stable) (Tue Jun 9 01:11:39 2026 -0700) on ""macos_arm64""",2,equal
plain,spec,False,10000,open,60,60,0,1830451483,12626,17402,"3.12.2 (stable) (Tue Jun 9 01:11:39 2026 -0700) on ""macos_arm64""",2,multiline
plain,spec,False,10000,edit,60,60,0,37686951,14113,20321,"3.12.2 (stable) (Tue Jun 9 01:11:39 2026 -0700) on ""macos_arm64""",2,multiline
plain,spec,False,10000,resize,60,60,0,1830451483,284,523,"3.12.2 (stable) (Tue Jun 9 01:11:39 2026 -0700) on ""macos_arm64""",2,multiline
