scenario,mode,iterations,medianUs,p95Us,changedFrames,surface,fingerprint,pair,variant,phase_buildUs,phase_layoutUs,phase_paintUs,phase_semanticsUs,phase_semanticTreeUs,phase_coverageUs,phase_semanticDiffUs,phase_semanticEncodeUs
dashboard,mount-first-frame,160,454,631,160,terminal,,0,base,,,,,,,,
agent,mount-first-frame,160,167,253,160,terminal,,0,base,,,,,,,,
files,mount-first-frame,160,349,592,160,terminal,,0,base,,,,,,,,
editor,mount-first-frame,160,150,213,160,terminal,,0,base,,,,,,,,
finance,mount-first-frame,160,546,775,160,terminal,,0,base,,,,,,,,
board-16-keyed-false,one-label,160,40,66,160,terminal,1359462507,0,base,13,0,7,0,0,0,0,0
board-16-keyed-false,all-labels,160,156,200,160,terminal,1359462507,0,base,130,0,7,0,0,0,0,0
board-16-keyed-false,reverse,160,159,212,160,terminal,1359462507,0,base,131,1,7,0,0,0,0,0
board-16-keyed-false,replace-subtree,160,157,208,160,terminal,1359462507,0,base,116,1,8,0,0,0,0,0
board-16-keyed-true,one-label,160,48,63,160,terminal,1359462507,0,base,23,0,6,0,0,0,0,0
board-16-keyed-true,all-labels,160,102,135,160,terminal,1359462507,0,base,76,0,7,0,0,0,0,0
board-16-keyed-true,reverse,160,52,66,160,terminal,1359462507,0,base,25,0,7,0,0,0,0,0
board-16-keyed-true,replace-subtree,160,187,261,160,terminal,1359462507,0,base,145,1,8,0,0,0,0,0
board-64-keyed-false,one-label,160,88,115,160,terminal,251641503,0,base,28,0,37,0,0,0,0,0
board-64-keyed-false,all-labels,160,772,1030,160,terminal,251641503,0,base,704,0,39,0,0,0,0,0
board-64-keyed-false,reverse,160,783,1032,160,terminal,251641503,0,base,710,4,40,0,0,0,0,0
board-64-keyed-false,replace-subtree,160,1465,1827,160,terminal,251641503,0,base,1379,6,45,0,0,0,0,0
board-64-keyed-true,one-label,160,146,194,160,terminal,251641503,0,base,85,0,37,0,0,0,0,0
board-64-keyed-true,all-labels,160,379,519,160,terminal,251641503,0,base,316,0,38,0,0,0,0,0
board-64-keyed-true,reverse,160,156,190,160,terminal,251641503,0,base,89,2,38,0,0,0,0,0
board-64-keyed-true,replace-subtree,160,1618,1949,160,terminal,251641503,0,base,1527,6,45,0,0,0,0,0
board-256-keyed-false,one-label,160,269,392,160,terminal,251641503,0,base,102,0,142,0,0,0,0,0
board-256-keyed-false,all-labels,160,5867,6347,160,terminal,251641503,0,base,5671,0,163,0,0,0,0,0
board-256-keyed-false,reverse,160,5967,6620,160,terminal,251641503,0,base,5708,46,160,0,0,0,0,0
board-256-keyed-false,replace-subtree,160,21392,23061,160,terminal,251641503,0,base,21094,55,180,0,0,0,0,0
board-256-keyed-true,one-label,160,494,846,160,terminal,251641503,0,base,333,0,131,0,0,0,0,0
board-256-keyed-true,all-labels,160,1550,2002,160,terminal,251641503,0,base,1361,0,143,0,0,0,0,0
board-256-keyed-true,reverse,160,550,1149,160,terminal,251641503,0,base,368,8,134,0,0,0,0,0
board-256-keyed-true,replace-subtree,160,21726,23370,160,terminal,251641503,0,base,21459,52,173,0,0,0,0,0
dashboard,mount-first-frame,160,388,500,160,terminal,,0,after,,,,,,,,
agent,mount-first-frame,160,137,229,160,terminal,,0,after,,,,,,,,
files,mount-first-frame,160,316,482,160,terminal,,0,after,,,,,,,,
editor,mount-first-frame,160,136,184,160,terminal,,0,after,,,,,,,,
finance,mount-first-frame,160,458,634,160,terminal,,0,after,,,,,,,,
board-16-keyed-false,one-label,160,31,35,160,terminal,1359462507,0,after,5,0,6,0,0,0,0,0
board-16-keyed-false,all-labels,160,39,43,160,terminal,1359462507,0,after,13,0,6,0,0,0,0,0
board-16-keyed-false,reverse,160,41,47,160,terminal,1359462507,0,after,14,1,7,0,0,0,0,0
board-16-keyed-false,replace-subtree,160,103,135,160,terminal,1359462507,0,after,61,2,8,0,0,0,0,0
board-16-keyed-true,one-label,160,45,66,160,terminal,1359462507,0,after,19,0,6,0,0,0,0,0
board-16-keyed-true,all-labels,160,53,65,160,terminal,1359462507,0,after,27,0,7,0,0,0,0,0
board-16-keyed-true,reverse,160,48,54,160,terminal,1359462507,0,after,21,0,7,0,0,0,0,0
board-16-keyed-true,replace-subtree,160,116,147,160,terminal,1359462507,0,after,75,1,8,0,0,0,0,0
board-64-keyed-false,one-label,160,76,100,160,terminal,251641503,0,after,18,0,36,0,0,0,0,0
board-64-keyed-false,all-labels,160,117,150,160,terminal,251641503,0,after,54,0,38,0,0,0,0,0
board-64-keyed-false,reverse,160,120,162,160,terminal,251641503,0,after,53,3,38,0,0,0,0,0
board-64-keyed-false,replace-subtree,160,581,827,160,terminal,251641503,0,after,506,7,42,0,0,0,0,0
board-64-keyed-true,one-label,160,135,173,160,terminal,251641503,0,after,75,0,36,0,0,0,0,0
board-64-keyed-true,all-labels,160,174,221,160,terminal,251641503,0,after,112,0,38,0,0,0,0,0
board-64-keyed-true,reverse,160,147,211,160,terminal,251641503,0,after,82,2,38,0,0,0,0,0
board-64-keyed-true,replace-subtree,160,654,894,160,terminal,251641503,0,after,577,7,43,0,0,0,0,0
board-256-keyed-false,one-label,160,236,307,160,terminal,251641503,0,after,76,0,134,0,0,0,0,0
board-256-keyed-false,all-labels,160,368,454,160,terminal,251641503,0,after,212,0,132,0,0,0,0,0
board-256-keyed-false,reverse,160,411,566,160,terminal,251641503,0,after,218,23,137,0,0,0,0,0
board-256-keyed-false,replace-subtree,160,7147,7642,160,terminal,251641503,0,after,6889,42,160,0,0,0,0,0
board-256-keyed-true,one-label,160,461,645,160,terminal,251641503,0,after,305,0,128,0,0,0,0,0
board-256-keyed-true,all-labels,160,617,880,160,terminal,251641503,0,after,448,0,134,0,0,0,0,0
board-256-keyed-true,reverse,160,513,802,160,terminal,251641503,0,after,335,8,131,0,0,0,0,0
board-256-keyed-true,replace-subtree,160,7486,8235,160,terminal,251641503,0,after,7223,47,162,0,0,0,0,0
board-16-keyed-false,one-label,160,145,237,160,structured,1359462507,0,base,17,0,7,93,60,12,4,7
board-16-keyed-false,all-labels,160,671,785,160,structured,1359462507,0,base,206,0,7,322,62,24,5,92
board-16-keyed-false,reverse,160,718,835,160,structured,1359462507,0,base,203,1,55,323,62,24,5,91
board-16-keyed-false,replace-subtree,160,491,605,160,structured,1359462507,0,base,120,1,8,233,64,24,5,132
board-16-keyed-true,one-label,160,120,148,160,structured,1359462507,0,base,25,0,6,60,31,13,4,6
board-16-keyed-true,all-labels,160,412,503,160,structured,1359462507,0,base,104,0,7,198,31,24,5,80
board-16-keyed-true,reverse,160,374,472,160,structured,1359462507,0,base,26,0,33,214,31,24,5,99
board-16-keyed-true,replace-subtree,160,432,535,160,structured,1359462507,0,base,144,1,8,168,33,24,5,103
board-64-keyed-false,one-label,160,400,529,160,structured,251641503,0,base,34,0,38,293,239,16,17,7
board-64-keyed-false,all-labels,160,2755,2985,160,structured,251641503,0,base,1095,0,43,1358,244,47,22,341
board-64-keyed-false,reverse,160,2876,3263,160,structured,251641503,0,base,1096,5,97,1392,248,49,24,351
board-64-keyed-false,replace-subtree,160,2576,2953,160,structured,251641503,0,base,1394,6,45,853,254,47,24,508
board-64-keyed-true,one-label,160,316,421,160,structured,251641503,0,base,83,0,37,164,118,16,16,6
board-64-keyed-true,all-labels,160,1419,1716,160,structured,251641503,0,base,417,0,38,701,120,46,20,290
board-64-keyed-true,reverse,160,1258,1516,160,structured,251641503,0,base,92,2,144,764,121,46,22,343
board-64-keyed-true,replace-subtree,160,2408,2832,160,structured,251641503,0,base,1504,6,44,603,133,46,21,389
board-256-keyed-false,one-label,160,1366,1600,160,structured,251641503,0,base,105,0,132,1076,946,24,69,7
board-256-keyed-false,all-labels,160,16954,17452,160,structured,251641503,0,base,8335,0,163,8129,1053,62,106,1311
board-256-keyed-false,reverse,160,17412,17944,160,structured,251641503,0,base,8371,43,576,8098,1034,61,110,1306
board-256-keyed-false,replace-subtree,160,24913,26086,160,structured,251641503,0,base,20897,52,172,3362,1054,60,102,2077
board-256-keyed-true,one-label,160,1082,1422,160,structured,251641503,0,base,317,0,130,586,478,24,68,7
board-256-keyed-true,all-labels,160,4978,5530,160,structured,251641503,0,base,1815,0,147,2708,491,59,92,1076
board-256-keyed-true,reverse,160,2449,2819,160,structured,251641503,0,base,359,10,280,1501,495,58,77,564
board-256-keyed-true,replace-subtree,160,24600,27177,160,structured,251641503,0,base,21746,54,173,2285,562,61,93,1542
board-16-keyed-false,one-label,160,129,214,160,structured,1359462507,0,after,6,0,7,88,62,12,4,7
board-16-keyed-false,all-labels,160,330,438,160,structured,1359462507,0,after,16,0,7,197,66,25,5,95
board-16-keyed-false,reverse,160,333,447,160,structured,1359462507,0,after,16,1,8,195,65,25,5,95
board-16-keyed-false,replace-subtree,160,447,566,160,structured,1359462507,0,after,67,2,8,242,67,25,6,137
board-16-keyed-true,one-label,160,114,160,160,structured,1359462507,0,after,20,0,7,58,32,13,4,6
board-16-keyed-true,all-labels,160,288,373,160,structured,1359462507,0,after,29,0,7,147,33,24,5,83
board-16-keyed-true,reverse,160,299,389,160,structured,1359462507,0,after,22,0,7,166,32,24,5,103
board-16-keyed-true,replace-subtree,160,371,482,160,structured,1359462507,0,after,78,2,8,172,34,24,5,107
board-64-keyed-false,one-label,160,368,491,160,structured,251641503,0,after,18,0,36,279,237,15,17,6
board-64-keyed-false,all-labels,160,1011,1240,160,structured,251641503,0,after,59,0,39,675,250,48,21,339
board-64-keyed-false,reverse,160,1032,1308,160,structured,251641503,0,after,60,4,41,680,255,49,22,342
board-64-keyed-false,replace-subtree,160,1746,2068,160,structured,251641503,0,after,546,8,45,859,260,49,25,516
board-64-keyed-true,one-label,160,311,432,160,structured,251641503,0,after,79,0,37,163,121,16,17,6
board-64-keyed-true,all-labels,160,871,1116,160,structured,251641503,0,after,116,0,39,494,126,47,20,294
board-64-keyed-true,reverse,160,918,1085,160,structured,251641503,0,after,87,2,39,549,125,47,22,344
board-64-keyed-true,replace-subtree,160,1511,1823,160,structured,251641503,0,after,599,7,43,602,133,48,22,390
board-256-keyed-false,one-label,160,1343,1552,160,structured,251641503,0,after,75,0,136,1075,969,25,69,8
board-256-keyed-false,all-labels,160,3135,3534,160,structured,251641503,0,after,238,0,140,2518,998,59,97,1302
board-256-keyed-false,reverse,160,3177,3595,160,structured,251641503,0,after,244,25,146,2518,1001,59,98,1292
board-256-keyed-false,replace-subtree,160,10782,11890,160,structured,251641503,0,after,6859,46,162,3382,1057,61,109,2112
board-256-keyed-true,one-label,160,1103,1408,160,structured,251641503,0,after,319,0,133,604,488,25,73,8
board-256-keyed-true,all-labels,160,2672,3332,160,structured,251641503,0,after,480,0,138,1789,522,60,95,1081
board-256-keyed-true,reverse,160,2004,2513,160,structured,251641503,0,after,363,10,140,1232,499,59,83,573
board-256-keyed-true,replace-subtree,160,10210,11177,160,structured,251641503,0,after,7369,50,167,2302,558,62,113,1551
dashboard,mount-first-frame,160,436,556,160,terminal,,1,after,,,,,,,,
agent,mount-first-frame,160,149,261,160,terminal,,1,after,,,,,,,,
files,mount-first-frame,160,315,538,160,terminal,,1,after,,,,,,,,
editor,mount-first-frame,160,142,209,160,terminal,,1,after,,,,,,,,
finance,mount-first-frame,160,482,735,160,terminal,,1,after,,,,,,,,
board-16-keyed-false,one-label,160,33,57,160,terminal,1359462507,1,after,6,0,7,0,0,0,0,0
board-16-keyed-false,all-labels,160,42,54,160,terminal,1359462507,1,after,14,0,7,0,0,0,0,0
board-16-keyed-false,reverse,160,44,64,160,terminal,1359462507,1,after,15,1,7,0,0,0,0,0
board-16-keyed-false,replace-subtree,160,106,171,160,terminal,1359462507,1,after,64,2,8,0,0,0,0,0
board-16-keyed-true,one-label,160,47,57,160,terminal,1359462507,1,after,20,0,7,0,0,0,0,0
board-16-keyed-true,all-labels,160,55,58,160,terminal,1359462507,1,after,28,0,7,0,0,0,0,0
board-16-keyed-true,reverse,160,51,72,160,terminal,1359462507,1,after,22,0,7,0,0,0,0,0
board-16-keyed-true,replace-subtree,160,122,188,160,terminal,1359462507,1,after,78,2,8,0,0,0,0,0
board-64-keyed-false,one-label,160,80,96,160,terminal,251641503,1,after,18,0,38,0,0,0,0,0
board-64-keyed-false,all-labels,160,120,156,160,terminal,251641503,1,after,56,0,39,0,0,0,0,0
board-64-keyed-false,reverse,160,124,164,160,terminal,251641503,1,after,56,3,40,0,0,0,0,0
board-64-keyed-false,replace-subtree,160,610,861,160,terminal,251641503,1,after,530,7,44,0,0,0,0,0
board-64-keyed-true,one-label,160,143,173,160,terminal,251641503,1,after,81,0,39,0,0,0,0,0
board-64-keyed-true,all-labels,160,181,261,160,terminal,251641503,1,after,117,0,40,0,0,0,0,0
board-64-keyed-true,reverse,160,157,204,160,terminal,251641503,1,after,88,2,40,0,0,0,0,0
board-64-keyed-true,replace-subtree,160,682,993,160,terminal,251641503,1,after,604,8,45,0,0,0,0,0
board-256-keyed-false,one-label,160,256,325,160,terminal,251641503,1,after,82,0,148,0,0,0,0,0
board-256-keyed-false,all-labels,160,388,553,160,terminal,251641503,1,after,223,0,139,0,0,0,0,0
board-256-keyed-false,reverse,160,424,534,160,terminal,251641503,1,after,225,24,141,0,0,0,0,0
board-256-keyed-false,replace-subtree,160,8207,11515,160,terminal,251641503,1,after,7828,60,185,0,0,0,0,0
board-256-keyed-true,one-label,160,513,1713,160,terminal,251641503,1,after,340,0,142,0,0,0,0,0
board-256-keyed-true,all-labels,160,668,1738,160,terminal,251641503,1,after,491,0,145,0,0,0,0,0
board-256-keyed-true,reverse,160,597,1670,160,terminal,251641503,1,after,382,11,152,0,0,0,0,0
board-256-keyed-true,replace-subtree,160,8758,12305,160,terminal,251641503,1,after,8377,82,207,0,0,0,0,0
dashboard,mount-first-frame,160,523,792,160,terminal,,1,base,,,,,,,,
agent,mount-first-frame,160,188,371,160,terminal,,1,base,,,,,,,,
files,mount-first-frame,160,379,727,160,terminal,,1,base,,,,,,,,
editor,mount-first-frame,160,158,247,160,terminal,,1,base,,,,,,,,
finance,mount-first-frame,160,606,1074,160,terminal,,1,base,,,,,,,,
board-16-keyed-false,one-label,160,41,43,160,terminal,1359462507,1,base,14,0,7,0,0,0,0,0
board-16-keyed-false,all-labels,160,169,326,160,terminal,1359462507,1,base,141,0,7,0,0,0,0,0
board-16-keyed-false,reverse,160,174,330,160,terminal,1359462507,1,base,143,1,8,0,0,0,0,0
board-16-keyed-false,replace-subtree,160,170,338,160,terminal,1359462507,1,base,125,1,9,0,0,0,0,0
board-16-keyed-true,one-label,160,52,58,160,terminal,1359462507,1,base,24,0,7,0,0,0,0,0
board-16-keyed-true,all-labels,160,112,251,160,terminal,1359462507,1,base,83,0,7,0,0,0,0,0
board-16-keyed-true,reverse,160,56,167,160,terminal,1359462507,1,base,27,0,7,0,0,0,0,0
board-16-keyed-true,replace-subtree,160,205,853,160,terminal,1359462507,1,base,159,2,9,0,0,0,0,0
board-64-keyed-false,one-label,160,95,288,160,terminal,251641503,1,base,30,0,40,0,0,0,0,0
board-64-keyed-false,all-labels,160,912,2439,160,terminal,251641503,1,base,825,0,48,0,0,0,0,0
board-64-keyed-false,reverse,160,848,2464,160,terminal,251641503,1,base,758,5,46,0,0,0,0,0
board-64-keyed-false,replace-subtree,160,1830,4907,160,terminal,251641503,1,base,1710,11,54,0,0,0,0,0
board-64-keyed-true,one-label,160,150,466,160,terminal,251641503,1,base,86,0,40,0,0,0,0,0
board-64-keyed-true,all-labels,160,404,2434,160,terminal,251641503,1,base,335,0,42,0,0,0,0,0
board-64-keyed-true,reverse,160,166,1117,160,terminal,251641503,1,base,94,2,42,0,0,0,0,0
board-64-keyed-true,replace-subtree,160,1808,16144,160,terminal,251641503,1,base,1635,10,53,0,0,0,0,0
board-256-keyed-false,one-label,160,310,2362,160,terminal,251641503,1,base,116,0,164,0,0,0,0,0
board-256-keyed-false,all-labels,160,6742,10267,160,terminal,251641503,1,base,6461,0,210,0,0,0,0,0
board-256-keyed-false,reverse,160,6648,8387,160,terminal,251641503,1,base,6304,73,192,0,0,0,0,0
board-256-keyed-false,replace-subtree,160,22127,24148,160,terminal,251641503,1,base,21831,62,188,0,0,0,0,0
board-256-keyed-true,one-label,160,481,775,160,terminal,251641503,1,base,321,0,133,0,0,0,0,0
board-256-keyed-true,all-labels,160,1527,1922,160,terminal,251641503,1,base,1351,0,144,0,0,0,0,0
board-256-keyed-true,reverse,160,547,860,160,terminal,251641503,1,base,360,9,137,0,0,0,0,0
board-256-keyed-true,replace-subtree,160,23111,27288,160,terminal,251641503,1,base,22760,70,195,0,0,0,0,0
board-16-keyed-false,one-label,160,130,240,160,structured,1359462507,1,after,6,0,7,88,62,13,4,8
board-16-keyed-false,all-labels,160,341,514,160,structured,1359462507,1,after,17,0,8,199,66,26,6,97
board-16-keyed-false,reverse,160,326,461,160,structured,1359462507,1,after,16,1,8,190,64,25,5,94
board-16-keyed-false,replace-subtree,160,452,589,160,structured,1359462507,1,after,66,2,8,239,66,25,6,137
board-16-keyed-true,one-label,160,112,145,160,structured,1359462507,1,after,21,0,7,57,32,13,4,6
board-16-keyed-true,all-labels,160,289,425,160,structured,1359462507,1,after,29,0,7,148,33,25,5,83
board-16-keyed-true,reverse,160,307,414,160,structured,1359462507,1,after,23,0,7,170,33,25,5,105
board-16-keyed-true,replace-subtree,160,381,558,160,structured,1359462507,1,after,80,2,8,177,35,25,5,109
board-64-keyed-false,one-label,160,379,513,160,structured,251641503,1,after,19,0,39,288,244,16,18,7
board-64-keyed-false,all-labels,160,1036,1194,160,structured,251641503,1,after,61,0,41,694,258,49,23,351
board-64-keyed-false,reverse,160,1044,1274,160,structured,251641503,1,after,62,4,43,695,260,50,24,353
board-64-keyed-false,replace-subtree,160,1752,2080,160,structured,251641503,1,after,547,8,47,868,266,50,26,522
board-64-keyed-true,one-label,160,316,468,160,structured,251641503,1,after,80,0,38,167,123,17,18,7
board-64-keyed-true,all-labels,160,897,1178,160,structured,251641503,1,after,120,0,40,505,131,49,21,299
board-64-keyed-true,reverse,160,937,1139,160,structured,251641503,1,after,90,2,41,564,128,50,24,356
board-64-keyed-true,replace-subtree,160,1570,1923,160,structured,251641503,1,after,614,8,47,636,141,51,25,411
board-256-keyed-false,one-label,160,1383,1672,160,structured,251641503,1,after,85,0,139,1112,992,27,76,10
board-256-keyed-false,all-labels,160,3323,3675,160,structured,251641503,1,after,251,0,149,2648,1068,64,109,1365
board-256-keyed-false,reverse,160,3366,3791,160,structured,251641503,1,after,261,28,156,2647,1064,65,111,1365
board-256-keyed-false,replace-subtree,160,11439,42962,160,structured,251641503,1,after,7133,59,180,3630,1135,68,125,2266
board-256-keyed-true,one-label,160,1143,2831,160,structured,251641503,1,after,330,0,139,623,506,29,75,11
board-256-keyed-true,all-labels,160,3802,16477,160,structured,251641503,1,after,541,0,148,2245,593,66,102,1200
board-256-keyed-true,reverse,160,2325,8440,160,structured,251641503,1,after,395,12,154,1329,524,63,85,608
board-256-keyed-true,replace-subtree,160,12136,47318,160,structured,251641503,1,after,7591,59,181,2848,584,64,118,2012
board-16-keyed-false,one-label,160,148,301,160,structured,1359462507,1,base,18,0,7,96,62,12,4,7
board-16-keyed-false,all-labels,160,727,1277,160,structured,1359462507,1,base,213,0,9,342,65,26,6,99
board-16-keyed-false,reverse,160,795,1876,160,structured,1359462507,1,base,215,2,59,348,66,26,7,101
board-16-keyed-false,replace-subtree,160,548,1000,160,structured,1359462507,1,base,127,2,9,247,69,26,6,140
board-16-keyed-true,one-label,160,121,161,160,structured,1359462507,1,base,26,0,7,61,32,13,4,6
board-16-keyed-true,all-labels,160,428,559,160,structured,1359462507,1,base,109,0,7,206,33,25,5,84
board-16-keyed-true,reverse,160,403,589,160,structured,1359462507,1,base,29,0,35,230,33,25,6,106
board-16-keyed-true,replace-subtree,160,456,651,160,structured,1359462507,1,base,152,1,9,180,36,25,6,110
board-64-keyed-false,one-label,160,415,1645,160,structured,251641503,1,base,36,0,39,303,248,17,18,8
board-64-keyed-false,all-labels,160,2862,3143,160,structured,251641503,1,base,1091,0,46,1426,254,51,24,353
board-64-keyed-false,reverse,160,2855,3095,160,structured,251641503,1,base,1069,5,97,1394,250,50,23,346
board-64-keyed-false,replace-subtree,160,2649,3313,160,structured,251641503,1,base,1407,7,47,870,264,49,25,518
board-64-keyed-true,one-label,160,326,452,160,structured,251641503,1,base,84,0,38,170,122,17,17,7
board-64-keyed-true,all-labels,160,1474,4749,160,structured,251641503,1,base,435,0,41,730,127,49,21,302
board-64-keyed-true,reverse,160,1353,2914,160,structured,251641503,1,base,102,3,155,817,130,50,25,366
board-64-keyed-true,replace-subtree,160,2549,7440,160,structured,251641503,1,base,1551,7,48,636,143,50,25,408
board-256-keyed-false,one-label,160,1428,2070,160,structured,251641503,1,base,113,0,144,1111,975,27,72,10
board-256-keyed-false,all-labels,160,17423,27664,160,structured,251641503,1,base,8572,0,177,8382,1059,67,114,1354
board-256-keyed-false,reverse,160,17627,18380,160,structured,251641503,1,base,8477,45,582,8234,1035,64,110,1334
board-256-keyed-false,replace-subtree,160,25153,26547,160,structured,251641503,1,base,21173,52,179,3387,1075,63,96,2094
board-256-keyed-true,one-label,160,1111,1431,160,structured,251641503,1,base,325,0,134,616,492,26,70,8
board-256-keyed-true,all-labels,160,5092,5528,160,structured,251641503,1,base,1824,0,146,2802,506,61,96,1084
board-256-keyed-true,reverse,160,2448,2948,160,structured,251641503,1,base,364,10,280,1525,491,58,81,575
board-256-keyed-true,replace-subtree,160,24354,25977,160,structured,251641503,1,base,21457,51,175,2305,553,59,98,1547
dashboard,mount-first-frame,160,456,574,160,terminal,,2,base,,,,,,,,
agent,mount-first-frame,160,177,287,160,terminal,,2,base,,,,,,,,
files,mount-first-frame,160,368,559,160,terminal,,2,base,,,,,,,,
editor,mount-first-frame,160,154,198,160,terminal,,2,base,,,,,,,,
finance,mount-first-frame,160,548,803,160,terminal,,2,base,,,,,,,,
board-16-keyed-false,one-label,160,39,42,160,terminal,1359462507,2,base,13,0,6,0,0,0,0,0
board-16-keyed-false,all-labels,160,161,219,160,terminal,1359462507,2,base,134,0,7,0,0,0,0,0
board-16-keyed-false,reverse,160,164,221,160,terminal,1359462507,2,base,135,1,7,0,0,0,0,0
board-16-keyed-false,replace-subtree,160,158,189,160,terminal,1359462507,2,base,116,1,8,0,0,0,0,0
board-16-keyed-true,one-label,160,50,62,160,terminal,1359462507,2,base,23,0,6,0,0,0,0,0
board-16-keyed-true,all-labels,160,102,122,160,terminal,1359462507,2,base,76,0,7,0,0,0,0,0
board-16-keyed-true,reverse,160,52,71,160,terminal,1359462507,2,base,24,0,7,0,0,0,0,0
board-16-keyed-true,replace-subtree,160,186,258,160,terminal,1359462507,2,base,145,1,8,0,0,0,0,0
board-64-keyed-false,one-label,160,88,113,160,terminal,251641503,2,base,28,0,37,0,0,0,0,0
board-64-keyed-false,all-labels,160,771,928,160,terminal,251641503,2,base,704,0,38,0,0,0,0,0
board-64-keyed-false,reverse,160,770,928,160,terminal,251641503,2,base,700,3,39,0,0,0,0,0
board-64-keyed-false,replace-subtree,160,1447,1690,160,terminal,251641503,2,base,1365,6,45,0,0,0,0,0
board-64-keyed-true,one-label,160,139,186,160,terminal,251641503,2,base,80,0,36,0,0,0,0,0
board-64-keyed-true,all-labels,160,371,553,160,terminal,251641503,2,base,308,0,38,0,0,0,0,0
board-64-keyed-true,reverse,160,153,211,160,terminal,251641503,2,base,88,2,38,0,0,0,0,0
board-64-keyed-true,replace-subtree,160,1568,1965,160,terminal,251641503,2,base,1483,5,43,0,0,0,0,0
board-256-keyed-false,one-label,160,257,338,160,terminal,251641503,2,base,99,0,130,0,0,0,0,0
board-256-keyed-false,all-labels,160,5914,6911,160,terminal,251641503,2,base,5715,0,158,0,0,0,0,0
board-256-keyed-false,reverse,160,5956,6430,160,terminal,251641503,2,base,5694,43,157,0,0,0,0,0
board-256-keyed-false,replace-subtree,160,21261,22446,160,terminal,251641503,2,base,21003,51,174,0,0,0,0,0
board-256-keyed-true,one-label,160,467,835,160,terminal,251641503,2,base,309,0,127,0,0,0,0,0
board-256-keyed-true,all-labels,160,1486,1872,160,terminal,251641503,2,base,1299,0,135,0,0,0,0,0
board-256-keyed-true,reverse,160,522,784,160,terminal,251641503,2,base,344,8,131,0,0,0,0,0
board-256-keyed-true,replace-subtree,160,21830,23339,160,terminal,251641503,2,base,21614,51,175,0,0,0,0,0
dashboard,mount-first-frame,160,394,511,160,terminal,,2,after,,,,,,,,
agent,mount-first-frame,160,140,216,160,terminal,,2,after,,,,,,,,
files,mount-first-frame,160,315,465,160,terminal,,2,after,,,,,,,,
editor,mount-first-frame,160,137,212,160,terminal,,2,after,,,,,,,,
finance,mount-first-frame,160,459,650,160,terminal,,2,after,,,,,,,,
board-16-keyed-false,one-label,160,31,35,160,terminal,1359462507,2,after,5,0,6,0,0,0,0,0
board-16-keyed-false,all-labels,160,39,42,160,terminal,1359462507,2,after,13,0,6,0,0,0,0,0
board-16-keyed-false,reverse,160,41,46,160,terminal,1359462507,2,after,14,1,7,0,0,0,0,0
board-16-keyed-false,replace-subtree,160,100,143,160,terminal,1359462507,2,after,60,1,8,0,0,0,0,0
board-16-keyed-true,one-label,160,44,57,160,terminal,1359462507,2,after,19,0,6,0,0,0,0,0
board-16-keyed-true,all-labels,160,56,65,160,terminal,1359462507,2,after,29,0,6,0,0,0,0,0
board-16-keyed-true,reverse,160,49,51,160,terminal,1359462507,2,after,21,0,7,0,0,0,0,0
board-16-keyed-true,replace-subtree,160,117,161,160,terminal,1359462507,2,after,76,1,8,0,0,0,0,0
board-64-keyed-false,one-label,160,78,99,160,terminal,251641503,2,after,18,0,37,0,0,0,0,0
board-64-keyed-false,all-labels,160,115,147,160,terminal,251641503,2,after,53,0,37,0,0,0,0,0
board-64-keyed-false,reverse,160,119,167,160,terminal,251641503,2,after,53,3,38,0,0,0,0,0
board-64-keyed-false,replace-subtree,160,586,841,160,terminal,251641503,2,after,511,7,42,0,0,0,0,0
board-64-keyed-true,one-label,160,138,168,160,terminal,251641503,2,after,77,0,37,0,0,0,0,0
board-64-keyed-true,all-labels,160,174,216,160,terminal,251641503,2,after,112,0,38,0,0,0,0,0
board-64-keyed-true,reverse,160,150,187,160,terminal,251641503,2,after,83,2,38,0,0,0,0,0
board-64-keyed-true,replace-subtree,160,657,897,160,terminal,251641503,2,after,577,7,43,0,0,0,0,0
board-256-keyed-false,one-label,160,227,312,160,terminal,251641503,2,after,71,0,132,0,0,0,0,0
board-256-keyed-false,all-labels,160,376,475,160,terminal,251641503,2,after,214,0,134,0,0,0,0,0
board-256-keyed-false,reverse,160,408,521,160,terminal,251641503,2,after,216,23,135,0,0,0,0,0
board-256-keyed-false,replace-subtree,160,7115,7736,160,terminal,251641503,2,after,6837,43,159,0,0,0,0,0
board-256-keyed-true,one-label,160,460,724,160,terminal,251641503,2,after,304,0,129,0,0,0,0,0
board-256-keyed-true,all-labels,160,614,923,160,terminal,251641503,2,after,452,0,132,0,0,0,0,0
board-256-keyed-true,reverse,160,513,735,160,terminal,251641503,2,after,335,8,131,0,0,0,0,0
board-256-keyed-true,replace-subtree,160,7323,8436,160,terminal,251641503,2,after,7068,40,156,0,0,0,0,0
board-16-keyed-false,one-label,160,143,219,160,structured,1359462507,2,base,17,0,6,93,59,12,4,7
board-16-keyed-false,all-labels,160,684,796,160,structured,1359462507,2,base,212,0,7,331,62,25,5,92
board-16-keyed-false,reverse,160,730,867,160,structured,1359462507,2,base,208,1,55,329,63,24,5,93
board-16-keyed-false,replace-subtree,160,496,610,160,structured,1359462507,2,base,122,1,8,231,64,24,5,133
board-16-keyed-true,one-label,160,121,155,160,structured,1359462507,2,base,25,0,6,60,31,12,4,6
board-16-keyed-true,all-labels,160,411,506,160,structured,1359462507,2,base,104,0,7,197,31,24,5,80
board-16-keyed-true,reverse,160,384,488,160,structured,1359462507,2,base,27,0,34,218,31,24,5,102
board-16-keyed-true,replace-subtree,160,432,556,160,structured,1359462507,2,base,145,1,8,167,33,24,5,103
board-64-keyed-false,one-label,160,395,526,160,structured,251641503,2,base,33,0,38,291,237,15,17,7
board-64-keyed-false,all-labels,160,2773,2998,160,structured,251641503,2,base,1108,0,42,1364,251,47,22,342
board-64-keyed-false,reverse,160,2838,3107,160,structured,251641503,2,base,1088,4,94,1382,249,48,22,342
board-64-keyed-false,replace-subtree,160,2566,2915,160,structured,251641503,2,base,1406,6,45,860,257,48,24,513
board-64-keyed-true,one-label,160,322,429,160,structured,251641503,2,base,82,0,37,168,121,16,17,6
board-64-keyed-true,all-labels,160,1452,1694,160,structured,251641503,2,base,437,0,40,720,125,48,21,294
board-64-keyed-true,reverse,160,1273,1484,160,structured,251641503,2,base,95,2,149,787,124,48,23,357
board-64-keyed-true,replace-subtree,160,2476,2927,160,structured,251641503,2,base,1552,6,46,620,135,48,24,401
board-256-keyed-false,one-label,160,1430,1720,160,structured,251641503,2,base,112,0,140,1127,993,26,71,9
board-256-keyed-false,all-labels,160,17156,20854,160,structured,251641503,2,base,8454,0,171,8276,1056,63,107,1323
board-256-keyed-false,reverse,160,17508,18370,160,structured,251641503,2,base,8384,45,580,8185,1048,63,111,1317
board-256-keyed-false,replace-subtree,160,24807,25936,160,structured,251641503,2,base,20799,48,171,3363,1049,60,95,2085
board-256-keyed-true,one-label,160,1090,1451,160,structured,251641503,2,base,312,0,133,595,483,26,70,7
board-256-keyed-true,all-labels,160,4976,5645,160,structured,251641503,2,base,1785,0,144,2734,494,60,93,1070
board-256-keyed-true,reverse,160,2404,2914,160,structured,251641503,2,base,353,10,274,1479,485,58,81,557
board-256-keyed-true,replace-subtree,160,24176,25710,160,structured,251641503,2,base,21314,50,172,2271,550,59,95,1537
board-16-keyed-false,one-label,160,125,226,160,structured,1359462507,2,after,6,0,6,86,61,12,4,7
board-16-keyed-false,all-labels,160,320,418,160,structured,1359462507,2,after,15,0,7,188,62,25,5,92
board-16-keyed-false,reverse,160,326,426,160,structured,1359462507,2,after,15,1,7,191,63,25,5,92
board-16-keyed-false,replace-subtree,160,418,545,160,structured,1359462507,2,after,62,2,8,226,63,24,5,130
board-16-keyed-true,one-label,160,105,153,160,structured,1359462507,2,after,19,0,6,54,30,12,4,6
board-16-keyed-true,all-labels,160,278,353,160,structured,1359462507,2,after,28,0,7,142,31,24,5,80
board-16-keyed-true,reverse,160,297,411,160,structured,1359462507,2,after,22,0,7,164,32,24,5,102
board-16-keyed-true,replace-subtree,160,373,501,160,structured,1359462507,2,after,78,2,8,171,34,24,5,106
board-64-keyed-false,one-label,160,364,488,160,structured,251641503,2,after,19,0,37,277,236,15,17,7
board-64-keyed-false,all-labels,160,972,1179,160,structured,251641503,2,after,56,0,38,655,244,47,21,334
board-64-keyed-false,reverse,160,981,1208,160,structured,251641503,2,after,56,3,39,656,244,47,21,334
board-64-keyed-false,replace-subtree,160,1629,1970,160,structured,251641503,2,after,512,7,42,812,249,47,22,488
board-64-keyed-true,one-label,160,303,423,160,structured,251641503,2,after,77,0,36,159,117,16,16,6
board-64-keyed-true,all-labels,160,850,1059,160,structured,251641503,2,after,113,0,38,476,122,47,19,285
board-64-keyed-true,reverse,160,901,1069,160,structured,251641503,2,after,87,2,40,540,123,47,22,342
board-64-keyed-true,replace-subtree,160,1479,1827,160,structured,251641503,2,after,580,7,43,591,130,47,21,383
board-256-keyed-false,one-label,160,1290,1491,160,structured,251641503,2,after,72,0,131,1044,939,24,68,8
board-256-keyed-false,all-labels,160,3141,3579,160,structured,251641503,2,after,232,0,142,2527,992,59,95,1294
board-256-keyed-false,reverse,160,3177,3662,160,structured,251641503,2,after,236,25,143,2523,997,59,96,1299
board-256-keyed-false,replace-subtree,160,10691,11401,160,structured,251641503,2,after,6757,38,156,3389,1028,61,108,2115
board-256-keyed-true,one-label,160,1060,1354,160,structured,251641503,2,after,310,0,129,579,475,24,71,7
board-256-keyed-true,all-labels,160,2654,3176,160,structured,251641503,2,after,477,0,137,1797,515,59,94,1079
board-256-keyed-true,reverse,160,1951,2442,160,structured,251641503,2,after,348,9,135,1202,484,57,78,556
board-256-keyed-true,replace-subtree,160,9832,10552,160,structured,251641503,2,after,7141,45,158,2190,525,58,104,1495
