changedFrames,fingerprint,iterations,medianUs,mode,p95Us,pair,phase_build,phase_coverage,phase_layout,phase_paint,phase_semanticDiff,phase_semanticEncode,phase_semanticTree,phase_semantics,scenario,surface,variant
160,1359462507,160,122,one-label,189,0,6,12,0,6,4,5,60,83,board-16-keyed-false,structured,json
160,1359462507,160,290,all-labels,411,0,14,24,0,7,5,67,62,163,board-16-keyed-false,structured,json
160,1359462507,160,293,reverse,390,0,15,24,1,7,5,67,62,163,board-16-keyed-false,structured,json
160,1359462507,160,391,replace-subtree,511,0,62,23,2,8,5,105,63,201,board-16-keyed-false,structured,json
160,1359462507,160,106,one-label,152,0,19,12,0,6,4,4,31,53,board-16-keyed-true,structured,json
160,1359462507,160,263,all-labels,379,0,28,24,0,7,5,57,33,123,board-16-keyed-true,structured,json
160,1359462507,160,269,reverse,344,0,21,24,0,7,5,75,32,139,board-16-keyed-true,structured,json
160,1359462507,160,339,replace-subtree,471,0,76,24,2,8,5,78,33,143,board-16-keyed-true,structured,json
160,251641503,160,368,one-label,462,0,19,15,0,38,17,5,239,278,board-64-keyed-false,structured,json
160,251641503,160,892,all-labels,1108,0,55,46,0,40,20,255,242,569,board-64-keyed-false,structured,json
160,251641503,160,897,reverse,1102,0,57,46,3,40,20,257,244,574,board-64-keyed-false,structured,json
160,251641503,160,1590,replace-subtree,1914,0,527,47,7,43,23,414,255,748,board-64-keyed-false,structured,json
160,251641503,160,308,one-label,416,0,77,16,0,37,17,4,119,161,board-64-keyed-true,structured,json
160,251641503,160,795,all-labels,1009,0,115,47,0,39,20,212,128,412,board-64-keyed-true,structured,json
160,251641503,160,806,reverse,969,0,85,46,2,38,21,254,124,455,board-64-keyed-true,structured,json
160,251641503,160,1379,replace-subtree,1697,0,580,47,7,43,22,302,131,506,board-64-keyed-true,structured,json
160,251641503,160,1337,one-label,1558,0,75,25,0,133,70,7,971,1078,board-256-keyed-false,structured,json
160,251641503,160,2927,all-labels,3260,0,235,60,0,143,99,1071,1006,2296,board-256-keyed-false,structured,json
160,251641503,160,2919,reverse,3341,0,238,60,24,142,98,1060,992,2275,board-256-keyed-false,structured,json
160,251641503,160,10475,replace-subtree,11200,0,6835,61,41,160,105,1836,1054,3128,board-256-keyed-false,structured,json
160,251641503,160,1062,one-label,1356,0,309,24,0,130,67,5,481,582,board-256-keyed-true,structured,json
160,251641503,160,2398,all-labels,2839,0,480,58,0,139,90,827,515,1526,board-256-keyed-true,structured,json
160,251641503,160,1857,reverse,2272,0,352,57,9,140,79,454,494,1090,board-256-keyed-true,structured,json
160,251641503,160,9701,replace-subtree,10592,0,7195,59,41,162,100,1259,543,2014,board-256-keyed-true,structured,json
160,1359462507,160,138,one-label,228,0,6,13,0,7,5,6,66,93,board-16-keyed-false,structured,leaf
160,1359462507,160,289,all-labels,385,0,15,24,0,7,5,68,61,163,board-16-keyed-false,structured,leaf
160,1359462507,160,288,reverse,393,0,15,24,1,7,5,67,60,159,board-16-keyed-false,structured,leaf
160,1359462507,160,401,replace-subtree,543,0,64,24,2,8,5,106,62,202,board-16-keyed-false,structured,leaf
160,1359462507,160,104,one-label,126,0,20,12,0,6,4,4,29,52,board-16-keyed-true,structured,leaf
160,1359462507,160,255,all-labels,382,0,28,24,0,7,5,56,30,116,board-16-keyed-true,structured,leaf
160,1359462507,160,269,reverse,368,0,21,24,0,7,5,76,30,137,board-16-keyed-true,structured,leaf
160,1359462507,160,340,replace-subtree,489,0,77,24,2,8,5,80,31,143,board-16-keyed-true,structured,leaf
160,251641503,160,358,one-label,503,0,18,15,0,37,17,5,227,268,board-64-keyed-false,structured,leaf
160,251641503,160,933,all-labels,1281,0,60,50,0,41,22,269,249,597,board-64-keyed-false,structured,leaf
160,251641503,160,920,reverse,1123,0,59,48,4,41,22,265,242,579,board-64-keyed-false,structured,leaf
160,251641503,160,1587,replace-subtree,1863,0,524,48,7,43,22,420,246,750,board-64-keyed-false,structured,leaf
160,251641503,160,291,one-label,434,0,75,15,0,37,17,5,112,151,board-64-keyed-true,structured,leaf
160,251641503,160,781,all-labels,971,0,114,47,0,39,21,211,119,401,board-64-keyed-true,structured,leaf
160,251641503,160,810,reverse,1038,0,88,47,2,40,23,262,118,454,board-64-keyed-true,structured,leaf
160,251641503,160,1365,replace-subtree,1671,0,582,47,7,44,22,302,123,500,board-64-keyed-true,structured,leaf
160,251641503,160,1296,one-label,1508,0,73,25,0,134,70,7,933,1040,board-256-keyed-false,structured,leaf
160,251641503,160,2920,all-labels,3343,0,234,61,0,142,100,1094,991,2294,board-256-keyed-false,structured,leaf
160,251641503,160,2998,reverse,3338,0,246,61,26,148,102,1095,1002,2320,board-256-keyed-false,structured,leaf
160,251641503,160,10599,replace-subtree,11233,0,6856,63,49,171,112,1886,1033,3168,board-256-keyed-false,structured,leaf
160,251641503,160,1079,one-label,1411,0,316,27,0,136,71,7,459,569,board-256-keyed-true,structured,leaf
160,251641503,160,2397,all-labels,2868,0,478,59,0,139,92,828,489,1497,board-256-keyed-true,structured,leaf
160,251641503,160,1817,reverse,2229,0,353,58,10,139,80,449,462,1062,board-256-keyed-true,structured,leaf
160,251641503,160,9843,replace-subtree,12886,0,7287,61,47,164,108,1267,520,1980,board-256-keyed-true,structured,leaf
160,1359462507,160,125,one-label,413,1,6,12,0,7,4,5,60,84,board-16-keyed-false,structured,leaf
160,1359462507,160,291,all-labels,392,1,14,24,0,7,5,69,61,162,board-16-keyed-false,structured,leaf
160,1359462507,160,286,reverse,382,1,14,24,1,7,5,67,60,158,board-16-keyed-false,structured,leaf
160,1359462507,160,397,replace-subtree,512,1,64,24,2,8,5,106,62,201,board-16-keyed-false,structured,leaf
160,1359462507,160,105,one-label,151,1,20,12,0,6,4,4,29,52,board-16-keyed-true,structured,leaf
160,1359462507,160,256,all-labels,326,1,29,24,0,7,5,56,30,117,board-16-keyed-true,structured,leaf
160,1359462507,160,262,reverse,331,1,21,23,0,7,5,75,29,134,board-16-keyed-true,structured,leaf
160,1359462507,160,339,replace-subtree,440,1,78,24,2,8,5,79,31,141,board-16-keyed-true,structured,leaf
160,251641503,160,354,one-label,488,1,18,15,0,37,17,5,228,268,board-64-keyed-false,structured,leaf
160,251641503,160,878,all-labels,1079,1,54,46,0,38,21,255,236,567,board-64-keyed-false,structured,leaf
160,251641503,160,893,reverse,1116,1,56,46,3,40,21,258,238,568,board-64-keyed-false,structured,leaf
160,251641503,160,1568,replace-subtree,1798,1,531,46,7,43,23,414,245,736,board-64-keyed-false,structured,leaf
160,251641503,160,304,one-label,417,1,79,16,0,38,17,5,114,154,board-64-keyed-true,structured,leaf
160,251641503,160,783,all-labels,958,1,115,47,0,40,20,214,120,405,board-64-keyed-true,structured,leaf
160,251641503,160,794,reverse,992,1,85,47,2,39,21,257,115,445,board-64-keyed-true,structured,leaf
160,251641503,160,1382,replace-subtree,1667,1,587,47,7,43,23,304,125,507,board-64-keyed-true,structured,leaf
160,251641503,160,1276,one-label,1502,1,75,25,0,135,70,6,919,1024,board-256-keyed-false,structured,leaf
160,251641503,160,2925,all-labels,3240,1,246,59,0,141,100,1088,977,2284,board-256-keyed-false,structured,leaf
160,251641503,160,2997,reverse,3570,1,257,61,26,148,103,1107,1003,2318,board-256-keyed-false,structured,leaf
160,251641503,160,10562,replace-subtree,11315,1,6922,60,42,161,106,1831,1036,3108,board-256-keyed-false,structured,leaf
160,251641503,160,1038,one-label,1367,1,308,25,0,132,67,6,453,556,board-256-keyed-true,structured,leaf
160,251641503,160,2338,all-labels,2749,1,467,57,0,138,86,822,469,1477,board-256-keyed-true,structured,leaf
160,251641503,160,1800,reverse,2161,1,344,57,9,134,77,454,459,1061,board-256-keyed-true,structured,leaf
160,251641503,160,9788,replace-subtree,12714,1,7230,61,44,164,108,1296,515,2019,board-256-keyed-true,structured,leaf
160,1359462507,160,121,one-label,191,1,6,12,0,6,4,5,59,82,board-16-keyed-false,structured,json
160,1359462507,160,289,all-labels,384,1,14,24,0,7,5,68,63,161,board-16-keyed-false,structured,json
160,1359462507,160,286,reverse,397,1,15,24,1,7,5,67,62,161,board-16-keyed-false,structured,json
160,1359462507,160,396,replace-subtree,554,1,62,24,2,8,5,105,63,199,board-16-keyed-false,structured,json
160,1359462507,160,108,one-label,168,1,20,12,0,6,4,5,31,54,board-16-keyed-true,structured,json
160,1359462507,160,255,all-labels,326,1,28,24,0,7,5,56,32,119,board-16-keyed-true,structured,json
160,1359462507,160,270,reverse,345,1,21,24,0,7,5,74,31,138,board-16-keyed-true,structured,json
160,1359462507,160,330,replace-subtree,409,1,74,24,2,8,4,76,33,138,board-16-keyed-true,structured,json
160,251641503,160,360,one-label,486,1,18,15,0,37,17,5,234,274,board-64-keyed-false,structured,json
160,251641503,160,893,all-labels,1049,1,56,47,0,39,21,257,242,575,board-64-keyed-false,structured,json
160,251641503,160,904,reverse,1100,1,57,47,4,41,21,259,245,579,board-64-keyed-false,structured,json
160,251641503,160,1570,replace-subtree,1888,1,528,47,7,43,22,416,254,749,board-64-keyed-false,structured,json
160,251641503,160,297,one-label,403,1,75,16,0,36,17,4,118,157,board-64-keyed-true,structured,json
160,251641503,160,805,all-labels,1014,1,116,47,0,39,22,216,129,419,board-64-keyed-true,structured,json
160,251641503,160,807,reverse,1027,1,85,46,2,39,23,260,124,460,board-64-keyed-true,structured,json
160,251641503,160,1400,replace-subtree,1705,1,585,46,7,44,24,305,132,513,board-64-keyed-true,structured,json
160,251641503,160,1333,one-label,1598,1,76,25,0,135,70,7,967,1078,board-256-keyed-false,structured,json
160,251641503,160,2928,all-labels,3302,1,239,59,0,141,97,1074,1015,2300,board-256-keyed-false,structured,json
160,251641503,160,3000,reverse,3401,1,256,59,25,147,100,1092,1021,2323,board-256-keyed-false,structured,json
160,251641503,160,10532,replace-subtree,11330,1,6867,61,44,164,109,1836,1063,3133,board-256-keyed-false,structured,json
160,251641503,160,1057,one-label,1385,1,303,25,0,131,72,5,475,582,board-256-keyed-true,structured,json
160,251641503,160,2373,all-labels,2797,1,468,57,0,139,93,817,502,1519,board-256-keyed-true,structured,json
160,251641503,160,1831,reverse,2214,1,347,58,10,137,81,452,485,1098,board-256-keyed-true,structured,json
160,251641503,160,9659,replace-subtree,10589,1,7128,59,42,161,108,1261,537,2001,board-256-keyed-true,structured,json
160,1359462507,160,122,one-label,231,2,5,12,0,6,4,5,60,83,board-16-keyed-false,structured,json
160,1359462507,160,291,all-labels,403,2,15,24,0,7,5,68,63,164,board-16-keyed-false,structured,json
160,1359462507,160,296,reverse,416,2,15,24,1,7,5,68,63,165,board-16-keyed-false,structured,json
160,1359462507,160,411,replace-subtree,539,2,65,24,2,8,5,109,66,208,board-16-keyed-false,structured,json
160,1359462507,160,113,one-label,133,2,20,13,0,6,4,4,32,57,board-16-keyed-true,structured,json
160,1359462507,160,252,all-labels,315,2,28,24,0,6,5,55,31,117,board-16-keyed-true,structured,json
160,1359462507,160,262,reverse,329,2,21,23,0,7,5,74,31,134,board-16-keyed-true,structured,json
160,1359462507,160,342,replace-subtree,437,2,78,24,2,8,5,78,33,144,board-16-keyed-true,structured,json
160,251641503,160,365,one-label,476,2,18,15,0,38,17,5,236,276,board-64-keyed-false,structured,json
160,251641503,160,913,all-labels,1218,2,57,47,0,39,22,261,249,585,board-64-keyed-false,structured,json
160,251641503,160,906,reverse,1140,2,57,46,3,39,21,259,244,578,board-64-keyed-false,structured,json
160,251641503,160,1587,replace-subtree,1863,2,528,47,7,43,24,414,253,752,board-64-keyed-false,structured,json
160,251641503,160,300,one-label,414,2,77,16,0,36,17,4,117,157,board-64-keyed-true,structured,json
160,251641503,160,774,all-labels,988,2,115,47,0,38,20,208,122,404,board-64-keyed-true,structured,json
160,251641503,160,792,reverse,1003,2,85,46,2,39,22,254,121,446,board-64-keyed-true,structured,json
160,251641503,160,1384,replace-subtree,1721,2,581,47,7,44,22,301,133,508,board-64-keyed-true,structured,json
160,251641503,160,1354,one-label,1674,2,77,25,0,136,73,7,974,1086,board-256-keyed-false,structured,json
160,251641503,160,2906,all-labels,3275,2,234,59,0,143,101,1067,999,2289,board-256-keyed-false,structured,json
160,251641503,160,2958,reverse,3422,2,240,58,25,148,101,1073,996,2285,board-256-keyed-false,structured,json
160,251641503,160,10479,replace-subtree,11145,2,6844,60,40,160,109,1853,1046,3132,board-256-keyed-false,structured,json
160,251641503,160,1042,one-label,1379,2,305,24,0,130,67,5,468,570,board-256-keyed-true,structured,json
160,251641503,160,2422,all-labels,2891,2,479,58,0,142,92,825,511,1545,board-256-keyed-true,structured,json
160,251641503,160,1857,reverse,2227,2,353,56,9,139,77,448,487,1081,board-256-keyed-true,structured,json
160,251641503,160,9694,replace-subtree,10703,2,7120,60,45,163,107,1278,546,2025,board-256-keyed-true,structured,json
160,1359462507,160,122,one-label,213,2,6,12,0,6,4,5,59,82,board-16-keyed-false,structured,leaf
160,1359462507,160,284,all-labels,396,2,14,24,0,7,5,67,60,159,board-16-keyed-false,structured,leaf
160,1359462507,160,288,reverse,384,2,15,24,1,7,5,67,60,159,board-16-keyed-false,structured,leaf
160,1359462507,160,394,replace-subtree,517,2,63,24,2,8,5,106,62,202,board-16-keyed-false,structured,leaf
160,1359462507,160,107,one-label,142,2,20,12,0,6,4,4,29,52,board-16-keyed-true,structured,leaf
160,1359462507,160,259,all-labels,396,2,28,24,0,7,5,56,30,119,board-16-keyed-true,structured,leaf
160,1359462507,160,269,reverse,387,2,21,23,0,7,5,75,29,136,board-16-keyed-true,structured,leaf
160,1359462507,160,342,replace-subtree,467,2,78,24,2,8,5,79,31,141,board-16-keyed-true,structured,leaf
160,251641503,160,356,one-label,473,2,18,15,0,37,17,5,228,268,board-64-keyed-false,structured,leaf
160,251641503,160,903,all-labels,1078,2,57,46,0,40,21,259,240,574,board-64-keyed-false,structured,leaf
160,251641503,160,957,reverse,1209,2,62,49,4,42,23,271,248,602,board-64-keyed-false,structured,leaf
160,251641503,160,1616,replace-subtree,1946,2,537,48,7,45,24,424,252,768,board-64-keyed-false,structured,leaf
160,251641503,160,299,one-label,429,2,77,15,0,38,17,5,113,152,board-64-keyed-true,structured,leaf
160,251641503,160,791,all-labels,1030,2,114,46,0,40,20,213,118,403,board-64-keyed-true,structured,leaf
160,251641503,160,817,reverse,1054,2,87,46,2,41,22,264,117,458,board-64-keyed-true,structured,leaf
160,251641503,160,1398,replace-subtree,1689,2,586,46,7,43,22,307,124,509,board-64-keyed-true,structured,leaf
160,251641503,160,1276,one-label,1565,2,76,25,0,133,69,7,914,1018,board-256-keyed-false,structured,leaf
160,251641503,160,2901,all-labels,3347,2,245,60,0,145,99,1081,971,2263,board-256-keyed-false,structured,leaf
160,251641503,160,2975,reverse,3361,2,252,60,25,145,99,1069,999,2269,board-256-keyed-false,structured,leaf
160,251641503,160,10524,replace-subtree,11262,2,6877,60,43,157,108,1863,1014,3100,board-256-keyed-false,structured,leaf
160,251641503,160,1030,one-label,1337,2,304,25,0,130,69,5,451,553,board-256-keyed-true,structured,leaf
160,251641503,160,2356,all-labels,2834,2,478,57,0,138,89,823,477,1488,board-256-keyed-true,structured,leaf
160,251641503,160,1914,reverse,2820,2,371,60,11,146,82,472,480,1109,board-256-keyed-true,structured,leaf
160,251641503,160,9656,replace-subtree,10612,2,7122,59,41,158,105,1274,516,1982,board-256-keyed-true,structured,leaf
