scenario,mode,iterations,medianUs,p95Us,changedFrames,surface,fingerprint,pair,version,suite,args,phasesUs,app,p99Us,plans,semanticFrames,semanticBytes,nodes,changedSnapshots
dashboard,mount-first-frame,500,674,925,500,terminal,,1,base,core,"[""500""]",,,,,,,,
agent,mount-first-frame,500,173,254,500,terminal,,1,base,core,"[""500""]",,,,,,,,
files,mount-first-frame,500,370,568,500,terminal,,1,base,core,"[""500""]",,,,,,,,
editor,mount-first-frame,500,180,272,500,terminal,,1,base,core,"[""500""]",,,,,,,,
finance,mount-first-frame,500,23661,24822,500,terminal,,1,base,core,"[""500""]",,,,,,,,
board-16-keyed-false,one-label,500,32,41,500,terminal,1359462507,1,base,core,"[""500""]","{""build"":5,""coverage"":0,""layout"":0,""paint"":6,""semanticDiff"":0,""semanticEncode"":0,""semanticTree"":0,""semantics"":0}",,,,,,,
board-16-keyed-false,all-labels,500,42,48,500,terminal,1359462507,1,base,core,"[""500""]","{""build"":14,""coverage"":0,""layout"":0,""paint"":7,""semanticDiff"":0,""semanticEncode"":0,""semanticTree"":0,""semantics"":0}",,,,,,,
board-16-keyed-false,reverse,500,44,62,500,terminal,1359462507,1,base,core,"[""500""]","{""build"":15,""coverage"":0,""layout"":1,""paint"":7,""semanticDiff"":0,""semanticEncode"":0,""semanticTree"":0,""semantics"":0}",,,,,,,
board-16-keyed-false,replace-subtree,500,88,129,500,terminal,1359462507,1,base,core,"[""500""]","{""build"":45,""coverage"":0,""layout"":1,""paint"":8,""semanticDiff"":0,""semanticEncode"":0,""semanticTree"":0,""semantics"":0}",,,,,,,
board-16-keyed-true,one-label,500,48,71,500,terminal,1359462507,1,base,core,"[""500""]","{""build"":21,""coverage"":0,""layout"":0,""paint"":7,""semanticDiff"":0,""semanticEncode"":0,""semanticTree"":0,""semantics"":0}",,,,,,,
board-16-keyed-true,all-labels,500,57,101,500,terminal,1359462507,1,base,core,"[""500""]","{""build"":29,""coverage"":0,""layout"":0,""paint"":7,""semanticDiff"":0,""semanticEncode"":0,""semanticTree"":0,""semantics"":0}",,,,,,,
board-16-keyed-true,reverse,500,52,71,500,terminal,1359462507,1,base,core,"[""500""]","{""build"":23,""coverage"":0,""layout"":0,""paint"":7,""semanticDiff"":0,""semanticEncode"":0,""semanticTree"":0,""semantics"":0}",,,,,,,
board-16-keyed-true,replace-subtree,500,103,180,500,terminal,1359462507,1,base,core,"[""500""]","{""build"":60,""coverage"":0,""layout"":1,""paint"":8,""semanticDiff"":0,""semanticEncode"":0,""semanticTree"":0,""semantics"":0}",,,,,,,
board-64-keyed-false,one-label,500,81,128,500,terminal,251641503,1,base,core,"[""500""]","{""build"":19,""coverage"":0,""layout"":0,""paint"":38,""semanticDiff"":0,""semanticEncode"":0,""semanticTree"":0,""semantics"":0}",,,,,,,
board-64-keyed-false,all-labels,500,120,169,500,terminal,251641503,1,base,core,"[""500""]","{""build"":56,""coverage"":0,""layout"":0,""paint"":39,""semanticDiff"":0,""semanticEncode"":0,""semanticTree"":0,""semantics"":0}",,,,,,,
board-64-keyed-false,reverse,500,125,255,500,terminal,251641503,1,base,core,"[""500""]","{""build"":57,""coverage"":0,""layout"":3,""paint"":40,""semanticDiff"":0,""semanticEncode"":0,""semanticTree"":0,""semantics"":0}",,,,,,,
board-64-keyed-false,replace-subtree,500,322,585,500,terminal,251641503,1,base,core,"[""500""]","{""build"":247,""coverage"":0,""layout"":6,""paint"":44,""semanticDiff"":0,""semanticEncode"":0,""semanticTree"":0,""semantics"":0}",,,,,,,
board-64-keyed-true,one-label,500,141,204,500,terminal,251641503,1,base,core,"[""500""]","{""build"":79,""coverage"":0,""layout"":0,""paint"":37,""semanticDiff"":0,""semanticEncode"":0,""semanticTree"":0,""semantics"":0}",,,,,,,
board-64-keyed-true,all-labels,500,175,226,500,terminal,251641503,1,base,core,"[""500""]","{""build"":112,""coverage"":0,""layout"":0,""paint"":38,""semanticDiff"":0,""semanticEncode"":0,""semanticTree"":0,""semantics"":0}",,,,,,,
board-64-keyed-true,reverse,500,154,347,500,terminal,251641503,1,base,core,"[""500""]","{""build"":86,""coverage"":0,""layout"":2,""paint"":39,""semanticDiff"":0,""semanticEncode"":0,""semanticTree"":0,""semantics"":0}",,,,,,,
board-64-keyed-true,replace-subtree,500,376,606,500,terminal,251641503,1,base,core,"[""500""]","{""build"":302,""coverage"":0,""layout"":5,""paint"":43,""semanticDiff"":0,""semanticEncode"":0,""semanticTree"":0,""semantics"":0}",,,,,,,
board-256-keyed-false,one-label,500,225,290,500,terminal,251641503,1,base,core,"[""500""]","{""build"":72,""coverage"":0,""layout"":0,""paint"":129,""semanticDiff"":0,""semanticEncode"":0,""semanticTree"":0,""semantics"":0}",,,,,,,
board-256-keyed-false,all-labels,500,379,484,500,terminal,251641503,1,base,core,"[""500""]","{""build"":218,""coverage"":0,""layout"":0,""paint"":133,""semanticDiff"":0,""semanticEncode"":0,""semanticTree"":0,""semantics"":0}",,,,,,,
board-256-keyed-false,reverse,500,419,550,500,terminal,251641503,1,base,core,"[""500""]","{""build"":224,""coverage"":0,""layout"":23,""paint"":136,""semanticDiff"":0,""semanticEncode"":0,""semanticTree"":0,""semantics"":0}",,,,,,,
board-256-keyed-false,replace-subtree,500,2364,3025,500,terminal,251641503,1,base,core,"[""500""]","{""build"":2133,""coverage"":0,""layout"":27,""paint"":152,""semanticDiff"":0,""semanticEncode"":0,""semanticTree"":0,""semantics"":0}",,,,,,,
board-256-keyed-true,one-label,500,470,714,500,terminal,251641503,1,base,core,"[""500""]","{""build"":312,""coverage"":0,""layout"":0,""paint"":129,""semanticDiff"":0,""semanticEncode"":0,""semanticTree"":0,""semantics"":0}",,,,,,,
board-256-keyed-true,all-labels,500,617,931,500,terminal,251641503,1,base,core,"[""500""]","{""build"":455,""coverage"":0,""layout"":0,""paint"":132,""semanticDiff"":0,""semanticEncode"":0,""semanticTree"":0,""semantics"":0}",,,,,,,
board-256-keyed-true,reverse,500,524,796,500,terminal,251641503,1,base,core,"[""500""]","{""build"":345,""coverage"":0,""layout"":8,""paint"":132,""semanticDiff"":0,""semanticEncode"":0,""semanticTree"":0,""semantics"":0}",,,,,,,
board-256-keyed-true,replace-subtree,500,2690,3674,500,terminal,251641503,1,base,core,"[""500""]","{""build"":2450,""coverage"":0,""layout"":28,""paint"":155,""semanticDiff"":0,""semanticEncode"":0,""semanticTree"":0,""semantics"":0}",,,,,,,
dashboard,mount-first-frame,500,670,897,500,terminal,,1,candidate,core,"[""500""]",,,,,,,,
agent,mount-first-frame,500,172,233,500,terminal,,1,candidate,core,"[""500""]",,,,,,,,
files,mount-first-frame,500,388,1256,500,terminal,,1,candidate,core,"[""500""]",,,,,,,,
editor,mount-first-frame,500,178,252,500,terminal,,1,candidate,core,"[""500""]",,,,,,,,
finance,mount-first-frame,500,23703,24505,500,terminal,,1,candidate,core,"[""500""]",,,,,,,,
board-16-keyed-false,one-label,500,33,38,500,terminal,1359462507,1,candidate,core,"[""500""]","{""build"":6,""coverage"":0,""layout"":0,""paint"":7,""semanticDiff"":0,""semanticEncode"":0,""semanticTree"":0,""semantics"":0}",,,,,,,
board-16-keyed-false,all-labels,500,40,48,500,terminal,1359462507,1,candidate,core,"[""500""]","{""build"":14,""coverage"":0,""layout"":0,""paint"":7,""semanticDiff"":0,""semanticEncode"":0,""semanticTree"":0,""semantics"":0}",,,,,,,
board-16-keyed-false,reverse,500,43,46,500,terminal,1359462507,1,candidate,core,"[""500""]","{""build"":15,""coverage"":0,""layout"":1,""paint"":7,""semanticDiff"":0,""semanticEncode"":0,""semanticTree"":0,""semantics"":0}",,,,,,,
board-16-keyed-false,replace-subtree,500,81,97,500,terminal,1359462507,1,candidate,core,"[""500""]","{""build"":39,""coverage"":0,""layout"":1,""paint"":8,""semanticDiff"":0,""semanticEncode"":0,""semanticTree"":0,""semantics"":0}",,,,,,,
board-16-keyed-true,one-label,500,45,52,500,terminal,1359462507,1,candidate,core,"[""500""]","{""build"":19,""coverage"":0,""layout"":0,""paint"":6,""semanticDiff"":0,""semanticEncode"":0,""semanticTree"":0,""semantics"":0}",,,,,,,
board-16-keyed-true,all-labels,500,55,73,500,terminal,1359462507,1,candidate,core,"[""500""]","{""build"":27,""coverage"":0,""layout"":0,""paint"":7,""semanticDiff"":0,""semanticEncode"":0,""semanticTree"":0,""semantics"":0}",,,,,,,
board-16-keyed-true,reverse,500,49,67,500,terminal,1359462507,1,candidate,core,"[""500""]","{""build"":21,""coverage"":0,""layout"":0,""paint"":7,""semanticDiff"":0,""semanticEncode"":0,""semanticTree"":0,""semantics"":0}",,,,,,,
board-16-keyed-true,replace-subtree,500,95,124,500,terminal,1359462507,1,candidate,core,"[""500""]","{""build"":53,""coverage"":0,""layout"":1,""paint"":8,""semanticDiff"":0,""semanticEncode"":0,""semanticTree"":0,""semantics"":0}",,,,,,,
board-64-keyed-false,one-label,500,77,104,500,terminal,251641503,1,candidate,core,"[""500""]","{""build"":18,""coverage"":0,""layout"":0,""paint"":37,""semanticDiff"":0,""semanticEncode"":0,""semanticTree"":0,""semantics"":0}",,,,,,,
board-64-keyed-false,all-labels,500,116,145,500,terminal,251641503,1,candidate,core,"[""500""]","{""build"":53,""coverage"":0,""layout"":0,""paint"":38,""semanticDiff"":0,""semanticEncode"":0,""semanticTree"":0,""semantics"":0}",,,,,,,
board-64-keyed-false,reverse,500,123,158,500,terminal,251641503,1,candidate,core,"[""500""]","{""build"":55,""coverage"":0,""layout"":3,""paint"":39,""semanticDiff"":0,""semanticEncode"":0,""semanticTree"":0,""semantics"":0}",,,,,,,
board-64-keyed-false,replace-subtree,500,296,468,500,terminal,251641503,1,candidate,core,"[""500""]","{""build"":224,""coverage"":0,""layout"":5,""paint"":42,""semanticDiff"":0,""semanticEncode"":0,""semanticTree"":0,""semantics"":0}",,,,,,,
board-64-keyed-true,one-label,500,139,172,500,terminal,251641503,1,candidate,core,"[""500""]","{""build"":77,""coverage"":0,""layout"":0,""paint"":37,""semanticDiff"":0,""semanticEncode"":0,""semanticTree"":0,""semantics"":0}",,,,,,,
board-64-keyed-true,all-labels,500,174,228,500,terminal,251641503,1,candidate,core,"[""500""]","{""build"":111,""coverage"":0,""layout"":0,""paint"":38,""semanticDiff"":0,""semanticEncode"":0,""semanticTree"":0,""semantics"":0}",,,,,,,
board-64-keyed-true,reverse,500,153,225,500,terminal,251641503,1,candidate,core,"[""500""]","{""build"":85,""coverage"":0,""layout"":2,""paint"":38,""semanticDiff"":0,""semanticEncode"":0,""semanticTree"":0,""semantics"":0}",,,,,,,
board-64-keyed-true,replace-subtree,500,358,498,500,terminal,251641503,1,candidate,core,"[""500""]","{""build"":283,""coverage"":0,""layout"":5,""paint"":43,""semanticDiff"":0,""semanticEncode"":0,""semanticTree"":0,""semantics"":0}",,,,,,,
board-256-keyed-false,one-label,500,225,281,500,terminal,251641503,1,candidate,core,"[""500""]","{""build"":71,""coverage"":0,""layout"":0,""paint"":128,""semanticDiff"":0,""semanticEncode"":0,""semanticTree"":0,""semantics"":0}",,,,,,,
board-256-keyed-false,all-labels,500,375,488,500,terminal,251641503,1,candidate,core,"[""500""]","{""build"":214,""coverage"":0,""layout"":0,""paint"":132,""semanticDiff"":0,""semanticEncode"":0,""semanticTree"":0,""semantics"":0}",,,,,,,
board-256-keyed-false,reverse,500,423,550,500,terminal,251641503,1,candidate,core,"[""500""]","{""build"":227,""coverage"":0,""layout"":23,""paint"":136,""semanticDiff"":0,""semanticEncode"":0,""semanticTree"":0,""semantics"":0}",,,,,,,
board-256-keyed-false,replace-subtree,500,2284,2884,500,terminal,251641503,1,candidate,core,"[""500""]","{""build"":2057,""coverage"":0,""layout"":26,""paint"":150,""semanticDiff"":0,""semanticEncode"":0,""semanticTree"":0,""semantics"":0}",,,,,,,
board-256-keyed-true,one-label,500,468,720,500,terminal,251641503,1,candidate,core,"[""500""]","{""build"":311,""coverage"":0,""layout"":0,""paint"":129,""semanticDiff"":0,""semanticEncode"":0,""semanticTree"":0,""semantics"":0}",,,,,,,
board-256-keyed-true,all-labels,500,607,891,500,terminal,251641503,1,candidate,core,"[""500""]","{""build"":446,""coverage"":0,""layout"":0,""paint"":132,""semanticDiff"":0,""semanticEncode"":0,""semanticTree"":0,""semantics"":0}",,,,,,,
board-256-keyed-true,reverse,500,528,775,500,terminal,251641503,1,candidate,core,"[""500""]","{""build"":345,""coverage"":0,""layout"":9,""paint"":134,""semanticDiff"":0,""semanticEncode"":0,""semanticTree"":0,""semantics"":0}",,,,,,,
board-256-keyed-true,replace-subtree,500,2530,3298,500,terminal,251641503,1,candidate,core,"[""500""]","{""build"":2308,""coverage"":0,""layout"":26,""paint"":152,""semanticDiff"":0,""semanticEncode"":0,""semanticTree"":0,""semantics"":0}",,,,,,,
board-16-keyed-false,one-label,500,88,148,500,structured,1359462507,1,base,core,"[""500"",""structured""]","{""build"":5,""coverage"":12,""layout"":0,""paint"":6,""semanticDiff"":4,""semanticEncode"":5,""semanticTree"":27,""semantics"":49}",,,,,,,
board-16-keyed-false,all-labels,500,256,350,500,structured,1359462507,1,base,core,"[""500"",""structured""]","{""build"":14,""coverage"":24,""layout"":0,""paint"":7,""semanticDiff"":5,""semanticEncode"":67,""semanticTree"":29,""semantics"":129}",,,,,,,
board-16-keyed-false,reverse,500,261,351,500,structured,1359462507,1,base,core,"[""500"",""structured""]","{""build"":15,""coverage"":24,""layout"":1,""paint"":7,""semanticDiff"":5,""semanticEncode"":68,""semanticTree"":29,""semantics"":131}",,,,,,,
board-16-keyed-false,replace-subtree,500,348,453,500,structured,1359462507,1,base,core,"[""500"",""structured""]","{""build"":46,""coverage"":24,""layout"":1,""paint"":8,""semanticDiff"":5,""semanticEncode"":107,""semanticTree"":33,""semantics"":174}",,,,,,,
board-16-keyed-true,one-label,500,100,132,500,structured,1359462507,1,base,core,"[""500"",""structured""]","{""build"":19,""coverage"":12,""layout"":0,""paint"":7,""semanticDiff"":4,""semanticEncode"":4,""semanticTree"":24,""semantics"":47}",,,,,,,
board-16-keyed-true,all-labels,500,249,321,500,structured,1359462507,1,base,core,"[""500"",""structured""]","{""build"":28,""coverage"":24,""layout"":0,""paint"":7,""semanticDiff"":5,""semanticEncode"":55,""semanticTree"":25,""semantics"":111}",,,,,,,
board-16-keyed-true,reverse,500,265,334,500,structured,1359462507,1,base,core,"[""500"",""structured""]","{""build"":22,""coverage"":24,""layout"":0,""paint"":7,""semanticDiff"":5,""semanticEncode"":75,""semanticTree"":25,""semantics"":131}",,,,,,,
board-16-keyed-true,replace-subtree,500,318,420,500,structured,1359462507,1,base,core,"[""500"",""structured""]","{""build"":59,""coverage"":24,""layout"":1,""paint"":8,""semanticDiff"":5,""semanticEncode"":77,""semanticTree"":28,""semantics"":135}",,,,,,,
board-64-keyed-false,one-label,500,219,290,500,structured,251641503,1,base,core,"[""500"",""structured""]","{""build"":19,""coverage"":15,""layout"":0,""paint"":37,""semanticDiff"":17,""semanticEncode"":5,""semanticTree"":88,""semantics"":129}",,,,,,,
board-64-keyed-false,all-labels,500,757,947,500,structured,251641503,1,base,core,"[""500"",""structured""]","{""build"":57,""coverage"":47,""layout"":0,""paint"":39,""semanticDiff"":21,""semanticEncode"":262,""semanticTree"":97,""semantics"":435}",,,,,,,
board-64-keyed-false,reverse,500,750,951,500,structured,251641503,1,base,core,"[""500"",""structured""]","{""build"":56,""coverage"":47,""layout"":3,""paint"":39,""semanticDiff"":21,""semanticEncode"":260,""semanticTree"":95,""semantics"":430}",,,,,,,
board-64-keyed-false,replace-subtree,500,1130,1435,500,structured,251641503,1,base,core,"[""500"",""structured""]","{""build"":247,""coverage"":47,""layout"":5,""paint"":43,""semanticDiff"":22,""semanticEncode"":418,""semanticTree"":116,""semantics"":605}",,,,,,,
board-64-keyed-true,one-label,500,272,384,500,structured,251641503,1,base,core,"[""500"",""structured""]","{""build"":79,""coverage"":15,""layout"":0,""paint"":38,""semanticDiff"":17,""semanticEncode"":5,""semanticTree"":81,""semantics"":120}",,,,,,,
board-64-keyed-true,all-labels,500,755,952,500,structured,251641503,1,base,core,"[""500"",""structured""]","{""build"":115,""coverage"":47,""layout"":0,""paint"":39,""semanticDiff"":20,""semanticEncode"":216,""semanticTree"":84,""semantics"":373}",,,,,,,
board-64-keyed-true,reverse,500,805,1102,500,structured,251641503,1,base,core,"[""500"",""structured""]","{""build"":92,""coverage"":49,""layout"":2,""paint"":42,""semanticDiff"":24,""semanticEncode"":271,""semanticTree"":87,""semantics"":436}",,,,,,,
board-64-keyed-true,replace-subtree,500,1055,1406,500,structured,251641503,1,base,core,"[""500"",""structured""]","{""build"":310,""coverage"":47,""layout"":5,""paint"":44,""semanticDiff"":22,""semanticEncode"":305,""semanticTree"":103,""semantics"":479}",,,,,,,
board-256-keyed-false,one-label,500,679,887,500,structured,251641503,1,base,core,"[""500"",""structured""]","{""build"":70,""coverage"":24,""layout"":0,""paint"":130,""semanticDiff"":70,""semanticEncode"":5,""semanticTree"":341,""semantics"":446}",,,,,,,
board-256-keyed-false,all-labels,500,2241,2581,500,structured,251641503,1,base,core,"[""500"",""structured""]","{""build"":235,""coverage"":58,""layout"":0,""paint"":138,""semanticDiff"":96,""semanticEncode"":1066,""semanticTree"":384,""semantics"":1629}",,,,,,,
board-256-keyed-false,reverse,500,2388,3858,500,structured,251641503,1,base,core,"[""500"",""structured""]","{""build"":252,""coverage"":60,""layout"":26,""paint"":148,""semanticDiff"":102,""semanticEncode"":1109,""semanticTree"":406,""semantics"":1698}",,,,,,,
board-256-keyed-false,replace-subtree,500,5360,6874,500,structured,251641503,1,base,core,"[""500"",""structured""]","{""build"":2226,""coverage"":62,""layout"":37,""paint"":168,""semanticDiff"":113,""semanticEncode"":1912,""semanticTree"":487,""semantics"":2605}",,,,,,,
board-256-keyed-true,one-label,500,914,1277,500,structured,251641503,1,base,core,"[""500"",""structured""]","{""build"":319,""coverage"":26,""layout"":0,""paint"":134,""semanticDiff"":72,""semanticEncode"":5,""semanticTree"":312,""semantics"":419}",,,,,,,
board-256-keyed-true,all-labels,500,2244,2744,500,structured,251641503,1,base,core,"[""500"",""structured""]","{""build"":484,""coverage"":58,""layout"":0,""paint"":145,""semanticDiff"":94,""semanticEncode"":844,""semanticTree"":339,""semantics"":1360}",,,,,,,
board-256-keyed-true,reverse,500,1722,2195,500,structured,251641503,1,base,core,"[""500"",""structured""]","{""build"":365,""coverage"":59,""layout"":9,""paint"":144,""semanticDiff"":83,""semanticEncode"":463,""semanticTree"":324,""semantics"":939}",,,,,,,
board-256-keyed-true,replace-subtree,500,4862,5728,500,structured,251641503,1,base,core,"[""500"",""structured""]","{""build"":2513,""coverage"":59,""layout"":28,""paint"":157,""semanticDiff"":102,""semanticEncode"":1288,""semanticTree"":401,""semantics"":1870}",,,,,,,
board-16-keyed-false,one-label,500,90,156,500,structured,1359462507,1,candidate,core,"[""500"",""structured""]","{""build"":5,""coverage"":12,""layout"":0,""paint"":7,""semanticDiff"":4,""semanticEncode"":5,""semanticTree"":27,""semantics"":50}",,,,,,,
board-16-keyed-false,all-labels,500,262,354,500,structured,1359462507,1,candidate,core,"[""500"",""structured""]","{""build"":15,""coverage"":24,""layout"":0,""paint"":7,""semanticDiff"":5,""semanticEncode"":69,""semanticTree"":30,""semantics"":133}",,,,,,,
board-16-keyed-false,reverse,500,261,350,500,structured,1359462507,1,candidate,core,"[""500"",""structured""]","{""build"":15,""coverage"":24,""layout"":1,""paint"":7,""semanticDiff"":5,""semanticEncode"":68,""semanticTree"":29,""semantics"":130}",,,,,,,
board-16-keyed-false,replace-subtree,500,346,460,500,structured,1359462507,1,candidate,core,"[""500"",""structured""]","{""build"":42,""coverage"":24,""layout"":1,""paint"":8,""semanticDiff"":5,""semanticEncode"":109,""semanticTree"":34,""semantics"":177}",,,,,,,
board-16-keyed-true,one-label,500,99,126,500,structured,1359462507,1,candidate,core,"[""500"",""structured""]","{""build"":19,""coverage"":12,""layout"":0,""paint"":7,""semanticDiff"":4,""semanticEncode"":4,""semanticTree"":24,""semantics"":47}",,,,,,,
board-16-keyed-true,all-labels,500,255,326,500,structured,1359462507,1,candidate,core,"[""500"",""structured""]","{""build"":28,""coverage"":24,""layout"":0,""paint"":7,""semanticDiff"":5,""semanticEncode"":57,""semanticTree"":26,""semantics"":115}",,,,,,,
board-16-keyed-true,reverse,500,272,345,500,structured,1359462507,1,candidate,core,"[""500"",""structured""]","{""build"":22,""coverage"":24,""layout"":0,""paint"":7,""semanticDiff"":5,""semanticEncode"":78,""semanticTree"":25,""semantics"":137}",,,,,,,
board-16-keyed-true,replace-subtree,500,317,425,500,structured,1359462507,1,candidate,core,"[""500"",""structured""]","{""build"":55,""coverage"":24,""layout"":1,""paint"":8,""semanticDiff"":5,""semanticEncode"":80,""semanticTree"":28,""semantics"":139}",,,,,,,
board-64-keyed-false,one-label,500,219,309,500,structured,251641503,1,candidate,core,"[""500"",""structured""]","{""build"":18,""coverage"":15,""layout"":0,""paint"":37,""semanticDiff"":17,""semanticEncode"":5,""semanticTree"":90,""semantics"":131}",,,,,,,
board-64-keyed-false,all-labels,500,750,943,500,structured,251641503,1,candidate,core,"[""500"",""structured""]","{""build"":54,""coverage"":46,""layout"":0,""paint"":38,""semanticDiff"":21,""semanticEncode"":260,""semanticTree"":97,""semantics"":432}",,,,,,,
board-64-keyed-false,reverse,500,771,951,500,structured,251641503,1,candidate,core,"[""500"",""structured""]","{""build"":57,""coverage"":47,""layout"":3,""paint"":39,""semanticDiff"":21,""semanticEncode"":267,""semanticTree"":98,""semantics"":441}",,,,,,,
board-64-keyed-false,replace-subtree,500,1113,1356,500,structured,251641503,1,candidate,core,"[""500"",""structured""]","{""build"":227,""coverage"":47,""layout"":5,""paint"":43,""semanticDiff"":21,""semanticEncode"":422,""semanticTree"":116,""semantics"":606}",,,,,,,
board-64-keyed-true,one-label,500,270,351,500,structured,251641503,1,candidate,core,"[""500"",""structured""]","{""build"":79,""coverage"":15,""layout"":0,""paint"":37,""semanticDiff"":17,""semanticEncode"":5,""semanticTree"":79,""semantics"":119}",,,,,,,
board-64-keyed-true,all-labels,500,751,945,500,structured,251641503,1,candidate,core,"[""500"",""structured""]","{""build"":115,""coverage"":47,""layout"":0,""paint"":39,""semanticDiff"":20,""semanticEncode"":215,""semanticTree"":83,""semantics"":372}",,,,,,,
board-64-keyed-true,reverse,500,791,992,500,structured,251641503,1,candidate,core,"[""500"",""structured""]","{""build"":88,""coverage"":47,""layout"":2,""paint"":40,""semanticDiff"":22,""semanticEncode"":268,""semanticTree"":83,""semantics"":426}",,,,,,,
board-64-keyed-true,replace-subtree,500,1045,1349,500,structured,251641503,1,candidate,core,"[""500"",""structured""]","{""build"":298,""coverage"":47,""layout"":5,""paint"":44,""semanticDiff"":21,""semanticEncode"":307,""semanticTree"":100,""semantics"":479}",,,,,,,
board-256-keyed-false,one-label,500,685,836,500,structured,251641503,1,candidate,core,"[""500"",""structured""]","{""build"":69,""coverage"":24,""layout"":0,""paint"":130,""semanticDiff"":68,""semanticEncode"":5,""semanticTree"":347,""semantics"":449}",,,,,,,
board-256-keyed-false,all-labels,500,2272,2614,500,structured,251641503,1,candidate,core,"[""500"",""structured""]","{""build"":231,""coverage"":59,""layout"":0,""paint"":140,""semanticDiff"":95,""semanticEncode"":1085,""semanticTree"":394,""semantics"":1659}",,,,,,,
board-256-keyed-false,reverse,500,2332,2625,500,structured,251641503,1,candidate,core,"[""500"",""structured""]","{""build"":237,""coverage"":58,""layout"":25,""paint"":145,""semanticDiff"":95,""semanticEncode"":1086,""semanticTree"":394,""semantics"":1657}",,,,,,,
board-256-keyed-false,replace-subtree,500,5130,5800,500,structured,251641503,1,candidate,core,"[""500"",""structured""]","{""build"":2137,""coverage"":59,""layout"":28,""paint"":155,""semanticDiff"":101,""semanticEncode"":1879,""semanticTree"":470,""semantics"":2515}",,,,,,,
board-256-keyed-true,one-label,500,898,1219,500,structured,251641503,1,candidate,core,"[""500"",""structured""]","{""build"":316,""coverage"":25,""layout"":0,""paint"":133,""semanticDiff"":71,""semanticEncode"":5,""semanticTree"":308,""semantics"":413}",,,,,,,
board-256-keyed-true,all-labels,500,2255,2733,500,structured,251641503,1,candidate,core,"[""500"",""structured""]","{""build"":479,""coverage"":59,""layout"":0,""paint"":142,""semanticDiff"":94,""semanticEncode"":849,""semanticTree"":340,""semantics"":1376}",,,,,,,
board-256-keyed-true,reverse,500,1717,2123,500,structured,251641503,1,candidate,core,"[""500"",""structured""]","{""build"":360,""coverage"":59,""layout"":10,""paint"":141,""semanticDiff"":81,""semanticEncode"":470,""semanticTree"":322,""semantics"":950}",,,,,,,
board-256-keyed-true,replace-subtree,500,4727,5590,500,structured,251641503,1,candidate,core,"[""500"",""structured""]","{""build"":2388,""coverage"":59,""layout"":28,""paint"":156,""semanticDiff"":101,""semanticEncode"":1297,""semanticTree"":400,""semantics"":1869}",,,,,,,
,ignored-key,1000,623,771,,,1009535925,1,base,input,"[""1000""]",,dashboard,892,0,0,0,378,0
,pointer-idle,1000,629,789,,,1009535925,1,base,input,"[""1000""]",,dashboard,919,0,0,0,378,0
,tab,1000,623,777,,,1009535925,1,base,input,"[""1000""]",,dashboard,886,0,0,0,378,0
,ignored-key,1000,280,393,,,1443703781,1,base,input,"[""1000""]",,files,449,0,0,0,179,0
,pointer-idle,1000,283,384,,,1443703781,1,base,input,"[""1000""]",,files,486,0,0,0,179,0
,tab,1000,282,397,,,1443703781,1,base,input,"[""1000""]",,files,480,0,0,0,179,0
,selection,1000,452,606,,,518885909,1,base,input,"[""1000""]",,files,748,1000,1000,1533000,179,1000
,ignored-key,1000,182,254,,,2474313173,1,base,input,"[""1000""]",,forms,386,1,0,0,86,0
,pointer-idle,1000,179,252,,,2474313173,1,base,input,"[""1000""]",,forms,342,1,0,0,86,0
,tab,1000,489,643,,,2347066757,1,base,input,"[""1000""]",,forms,753,1000,1000,1634000,86,1000
,typing,1000,434,562,,,2461209369,1,base,input,"[""1000""]",,forms,669,1002,1000,844500,86,1000
,ignored-key,1000,618,806,,,1009535925,1,candidate,input,"[""1000""]",,dashboard,1164,0,0,0,378,0
,pointer-idle,1000,630,826,,,1009535925,1,candidate,input,"[""1000""]",,dashboard,965,0,0,0,378,0
,tab,1000,633,858,,,1009535925,1,candidate,input,"[""1000""]",,dashboard,2130,0,0,0,378,0
,ignored-key,1000,278,399,,,1443703781,1,candidate,input,"[""1000""]",,files,482,0,0,0,179,0
,pointer-idle,1000,278,392,,,1443703781,1,candidate,input,"[""1000""]",,files,490,0,0,0,179,0
,tab,1000,273,362,,,1443703781,1,candidate,input,"[""1000""]",,files,425,0,0,0,179,0
,selection,1000,434,567,,,518885909,1,candidate,input,"[""1000""]",,files,654,1000,1000,1533000,179,1000
,ignored-key,1000,181,389,,,2474313173,1,candidate,input,"[""1000""]",,forms,1055,1,0,0,86,0
,pointer-idle,1000,175,232,,,2474313173,1,candidate,input,"[""1000""]",,forms,305,1,0,0,86,0
,tab,1000,474,592,,,2347066757,1,candidate,input,"[""1000""]",,forms,668,1000,1000,1634000,86,1000
,typing,1000,422,528,,,2461209369,1,candidate,input,"[""1000""]",,forms,618,1001,1000,844500,86,1000
dashboard,mount-first-frame,500,645,824,500,terminal,,2,candidate,core,"[""500""]",,,,,,,,
agent,mount-first-frame,500,169,225,500,terminal,,2,candidate,core,"[""500""]",,,,,,,,
files,mount-first-frame,500,358,507,500,terminal,,2,candidate,core,"[""500""]",,,,,,,,
editor,mount-first-frame,500,173,250,500,terminal,,2,candidate,core,"[""500""]",,,,,,,,
finance,mount-first-frame,500,23248,25439,500,terminal,,2,candidate,core,"[""500""]",,,,,,,,
board-16-keyed-false,one-label,500,31,35,500,terminal,1359462507,2,candidate,core,"[""500""]","{""build"":5,""coverage"":0,""layout"":0,""paint"":6,""semanticDiff"":0,""semanticEncode"":0,""semanticTree"":0,""semantics"":0}",,,,,,,
board-16-keyed-false,all-labels,500,40,46,500,terminal,1359462507,2,candidate,core,"[""500""]","{""build"":13,""coverage"":0,""layout"":0,""paint"":6,""semanticDiff"":0,""semanticEncode"":0,""semanticTree"":0,""semantics"":0}",,,,,,,
board-16-keyed-false,reverse,500,42,46,500,terminal,1359462507,2,candidate,core,"[""500""]","{""build"":14,""coverage"":0,""layout"":1,""paint"":7,""semanticDiff"":0,""semanticEncode"":0,""semanticTree"":0,""semantics"":0}",,,,,,,
board-16-keyed-false,replace-subtree,500,80,93,500,terminal,1359462507,2,candidate,core,"[""500""]","{""build"":40,""coverage"":0,""layout"":1,""paint"":8,""semanticDiff"":0,""semanticEncode"":0,""semanticTree"":0,""semantics"":0}",,,,,,,
board-16-keyed-true,one-label,500,45,53,500,terminal,1359462507,2,candidate,core,"[""500""]","{""build"":19,""coverage"":0,""layout"":0,""paint"":6,""semanticDiff"":0,""semanticEncode"":0,""semanticTree"":0,""semantics"":0}",,,,,,,
board-16-keyed-true,all-labels,500,53,66,500,terminal,1359462507,2,candidate,core,"[""500""]","{""build"":27,""coverage"":0,""layout"":0,""paint"":7,""semanticDiff"":0,""semanticEncode"":0,""semanticTree"":0,""semantics"":0}",,,,,,,
board-16-keyed-true,reverse,500,50,60,500,terminal,1359462507,2,candidate,core,"[""500""]","{""build"":22,""coverage"":0,""layout"":0,""paint"":7,""semanticDiff"":0,""semanticEncode"":0,""semanticTree"":0,""semantics"":0}",,,,,,,
board-16-keyed-true,replace-subtree,500,94,117,500,terminal,1359462507,2,candidate,core,"[""500""]","{""build"":53,""coverage"":0,""layout"":1,""paint"":8,""semanticDiff"":0,""semanticEncode"":0,""semanticTree"":0,""semantics"":0}",,,,,,,
board-64-keyed-false,one-label,500,77,96,500,terminal,251641503,2,candidate,core,"[""500""]","{""build"":17,""coverage"":0,""layout"":0,""paint"":36,""semanticDiff"":0,""semanticEncode"":0,""semanticTree"":0,""semantics"":0}",,,,,,,
board-64-keyed-false,all-labels,500,114,143,500,terminal,251641503,2,candidate,core,"[""500""]","{""build"":53,""coverage"":0,""layout"":0,""paint"":37,""semanticDiff"":0,""semanticEncode"":0,""semanticTree"":0,""semantics"":0}",,,,,,,
board-64-keyed-false,reverse,500,118,145,500,terminal,251641503,2,candidate,core,"[""500""]","{""build"":53,""coverage"":0,""layout"":3,""paint"":38,""semanticDiff"":0,""semanticEncode"":0,""semanticTree"":0,""semantics"":0}",,,,,,,
board-64-keyed-false,replace-subtree,500,290,452,500,terminal,251641503,2,candidate,core,"[""500""]","{""build"":220,""coverage"":0,""layout"":5,""paint"":42,""semanticDiff"":0,""semanticEncode"":0,""semanticTree"":0,""semantics"":0}",,,,,,,
board-64-keyed-true,one-label,500,135,173,500,terminal,251641503,2,candidate,core,"[""500""]","{""build"":76,""coverage"":0,""layout"":0,""paint"":36,""semanticDiff"":0,""semanticEncode"":0,""semanticTree"":0,""semantics"":0}",,,,,,,
board-64-keyed-true,all-labels,500,172,218,500,terminal,251641503,2,candidate,core,"[""500""]","{""build"":110,""coverage"":0,""layout"":0,""paint"":38,""semanticDiff"":0,""semanticEncode"":0,""semanticTree"":0,""semantics"":0}",,,,,,,
board-64-keyed-true,reverse,500,151,253,500,terminal,251641503,2,candidate,core,"[""500""]","{""build"":84,""coverage"":0,""layout"":2,""paint"":38,""semanticDiff"":0,""semanticEncode"":0,""semanticTree"":0,""semantics"":0}",,,,,,,
board-64-keyed-true,replace-subtree,500,350,494,500,terminal,251641503,2,candidate,core,"[""500""]","{""build"":278,""coverage"":0,""layout"":5,""paint"":42,""semanticDiff"":0,""semanticEncode"":0,""semanticTree"":0,""semantics"":0}",,,,,,,
board-256-keyed-false,one-label,500,219,275,500,terminal,251641503,2,candidate,core,"[""500""]","{""build"":68,""coverage"":0,""layout"":0,""paint"":127,""semanticDiff"":0,""semanticEncode"":0,""semanticTree"":0,""semantics"":0}",,,,,,,
board-256-keyed-false,all-labels,500,363,457,500,terminal,251641503,2,candidate,core,"[""500""]","{""build"":207,""coverage"":0,""layout"":0,""paint"":132,""semanticDiff"":0,""semanticEncode"":0,""semanticTree"":0,""semantics"":0}",,,,,,,
board-256-keyed-false,reverse,500,412,523,500,terminal,251641503,2,candidate,core,"[""500""]","{""build"":218,""coverage"":0,""layout"":24,""paint"":137,""semanticDiff"":0,""semanticEncode"":0,""semanticTree"":0,""semantics"":0}",,,,,,,
board-256-keyed-false,replace-subtree,500,2238,2784,500,terminal,251641503,2,candidate,core,"[""500""]","{""build"":2003,""coverage"":0,""layout"":24,""paint"":147,""semanticDiff"":0,""semanticEncode"":0,""semanticTree"":0,""semantics"":0}",,,,,,,
board-256-keyed-true,one-label,500,452,644,500,terminal,251641503,2,candidate,core,"[""500""]","{""build"":301,""coverage"":0,""layout"":0,""paint"":127,""semanticDiff"":0,""semanticEncode"":0,""semanticTree"":0,""semantics"":0}",,,,,,,
board-256-keyed-true,all-labels,500,601,856,500,terminal,251641503,2,candidate,core,"[""500""]","{""build"":441,""coverage"":0,""layout"":0,""paint"":132,""semanticDiff"":0,""semanticEncode"":0,""semanticTree"":0,""semantics"":0}",,,,,,,
board-256-keyed-true,reverse,500,506,721,500,terminal,251641503,2,candidate,core,"[""500""]","{""build"":333,""coverage"":0,""layout"":8,""paint"":130,""semanticDiff"":0,""semanticEncode"":0,""semanticTree"":0,""semantics"":0}",,,,,,,
board-256-keyed-true,replace-subtree,500,2510,3179,500,terminal,251641503,2,candidate,core,"[""500""]","{""build"":2283,""coverage"":0,""layout"":26,""paint"":148,""semanticDiff"":0,""semanticEncode"":0,""semanticTree"":0,""semantics"":0}",,,,,,,
dashboard,mount-first-frame,500,652,882,500,terminal,,2,base,core,"[""500""]",,,,,,,,
agent,mount-first-frame,500,170,248,500,terminal,,2,base,core,"[""500""]",,,,,,,,
files,mount-first-frame,500,364,548,500,terminal,,2,base,core,"[""500""]",,,,,,,,
editor,mount-first-frame,500,172,255,500,terminal,,2,base,core,"[""500""]",,,,,,,,
finance,mount-first-frame,500,23023,24646,500,terminal,,2,base,core,"[""500""]",,,,,,,,
board-16-keyed-false,one-label,500,31,34,500,terminal,1359462507,2,base,core,"[""500""]","{""build"":5,""coverage"":0,""layout"":0,""paint"":6,""semanticDiff"":0,""semanticEncode"":0,""semanticTree"":0,""semantics"":0}",,,,,,,
board-16-keyed-false,all-labels,500,40,45,500,terminal,1359462507,2,base,core,"[""500""]","{""build"":14,""coverage"":0,""layout"":0,""paint"":6,""semanticDiff"":0,""semanticEncode"":0,""semanticTree"":0,""semantics"":0}",,,,,,,
board-16-keyed-false,reverse,500,41,46,500,terminal,1359462507,2,base,core,"[""500""]","{""build"":14,""coverage"":0,""layout"":1,""paint"":7,""semanticDiff"":0,""semanticEncode"":0,""semanticTree"":0,""semantics"":0}",,,,,,,
board-16-keyed-false,replace-subtree,500,84,107,500,terminal,1359462507,2,base,core,"[""500""]","{""build"":43,""coverage"":0,""layout"":1,""paint"":8,""semanticDiff"":0,""semanticEncode"":0,""semanticTree"":0,""semantics"":0}",,,,,,,
board-16-keyed-true,one-label,500,45,51,500,terminal,1359462507,2,base,core,"[""500""]","{""build"":19,""coverage"":0,""layout"":0,""paint"":6,""semanticDiff"":0,""semanticEncode"":0,""semanticTree"":0,""semantics"":0}",,,,,,,
board-16-keyed-true,all-labels,500,54,65,500,terminal,1359462507,2,base,core,"[""500""]","{""build"":28,""coverage"":0,""layout"":0,""paint"":7,""semanticDiff"":0,""semanticEncode"":0,""semanticTree"":0,""semantics"":0}",,,,,,,
board-16-keyed-true,reverse,500,49,58,500,terminal,1359462507,2,base,core,"[""500""]","{""build"":21,""coverage"":0,""layout"":0,""paint"":7,""semanticDiff"":0,""semanticEncode"":0,""semanticTree"":0,""semantics"":0}",,,,,,,
board-16-keyed-true,replace-subtree,500,100,126,500,terminal,1359462507,2,base,core,"[""500""]","{""build"":59,""coverage"":0,""layout"":1,""paint"":8,""semanticDiff"":0,""semanticEncode"":0,""semanticTree"":0,""semantics"":0}",,,,,,,
board-64-keyed-false,one-label,500,78,100,500,terminal,251641503,2,base,core,"[""500""]","{""build"":18,""coverage"":0,""layout"":0,""paint"":37,""semanticDiff"":0,""semanticEncode"":0,""semanticTree"":0,""semantics"":0}",,,,,,,
board-64-keyed-false,all-labels,500,113,140,500,terminal,251641503,2,base,core,"[""500""]","{""build"":52,""coverage"":0,""layout"":0,""paint"":37,""semanticDiff"":0,""semanticEncode"":0,""semanticTree"":0,""semantics"":0}",,,,,,,
board-64-keyed-false,reverse,500,120,157,500,terminal,251641503,2,base,core,"[""500""]","{""build"":54,""coverage"":0,""layout"":3,""paint"":39,""semanticDiff"":0,""semanticEncode"":0,""semanticTree"":0,""semantics"":0}",,,,,,,
board-64-keyed-false,replace-subtree,500,309,473,500,terminal,251641503,2,base,core,"[""500""]","{""build"":238,""coverage"":0,""layout"":5,""paint"":42,""semanticDiff"":0,""semanticEncode"":0,""semanticTree"":0,""semantics"":0}",,,,,,,
board-64-keyed-true,one-label,500,146,560,500,terminal,251641503,2,base,core,"[""500""]","{""build"":83,""coverage"":0,""layout"":0,""paint"":39,""semanticDiff"":0,""semanticEncode"":0,""semanticTree"":0,""semantics"":0}",,,,,,,
board-64-keyed-true,all-labels,500,174,239,500,terminal,251641503,2,base,core,"[""500""]","{""build"":112,""coverage"":0,""layout"":0,""paint"":38,""semanticDiff"":0,""semanticEncode"":0,""semanticTree"":0,""semantics"":0}",,,,,,,
board-64-keyed-true,reverse,500,151,222,500,terminal,251641503,2,base,core,"[""500""]","{""build"":84,""coverage"":0,""layout"":2,""paint"":38,""semanticDiff"":0,""semanticEncode"":0,""semanticTree"":0,""semantics"":0}",,,,,,,
board-64-keyed-true,replace-subtree,500,371,556,500,terminal,251641503,2,base,core,"[""500""]","{""build"":300,""coverage"":0,""layout"":5,""paint"":42,""semanticDiff"":0,""semanticEncode"":0,""semanticTree"":0,""semantics"":0}",,,,,,,
board-256-keyed-false,one-label,500,220,278,500,terminal,251641503,2,base,core,"[""500""]","{""build"":70,""coverage"":0,""layout"":0,""paint"":126,""semanticDiff"":0,""semanticEncode"":0,""semanticTree"":0,""semantics"":0}",,,,,,,
board-256-keyed-false,all-labels,500,366,451,500,terminal,251641503,2,base,core,"[""500""]","{""build"":212,""coverage"":0,""layout"":0,""paint"":130,""semanticDiff"":0,""semanticEncode"":0,""semanticTree"":0,""semantics"":0}",,,,,,,
board-256-keyed-false,reverse,500,404,501,500,terminal,251641503,2,base,core,"[""500""]","{""build"":215,""coverage"":0,""layout"":23,""paint"":133,""semanticDiff"":0,""semanticEncode"":0,""semanticTree"":0,""semantics"":0}",,,,,,,
board-256-keyed-false,replace-subtree,500,2289,3071,500,terminal,251641503,2,base,core,"[""500""]","{""build"":2071,""coverage"":0,""layout"":26,""paint"":150,""semanticDiff"":0,""semanticEncode"":0,""semanticTree"":0,""semantics"":0}",,,,,,,
board-256-keyed-true,one-label,500,469,731,500,terminal,251641503,2,base,core,"[""500""]","{""build"":313,""coverage"":0,""layout"":0,""paint"":129,""semanticDiff"":0,""semanticEncode"":0,""semanticTree"":0,""semantics"":0}",,,,,,,
board-256-keyed-true,all-labels,500,627,930,500,terminal,251641503,2,base,core,"[""500""]","{""build"":461,""coverage"":0,""layout"":0,""paint"":135,""semanticDiff"":0,""semanticEncode"":0,""semanticTree"":0,""semantics"":0}",,,,,,,
board-256-keyed-true,reverse,500,526,853,500,terminal,251641503,2,base,core,"[""500""]","{""build"":346,""coverage"":0,""layout"":8,""paint"":132,""semanticDiff"":0,""semanticEncode"":0,""semanticTree"":0,""semantics"":0}",,,,,,,
board-256-keyed-true,replace-subtree,500,2650,3677,500,terminal,251641503,2,base,core,"[""500""]","{""build"":2420,""coverage"":0,""layout"":28,""paint"":154,""semanticDiff"":0,""semanticEncode"":0,""semanticTree"":0,""semantics"":0}",,,,,,,
board-16-keyed-false,one-label,500,92,169,500,structured,1359462507,2,candidate,core,"[""500"",""structured""]","{""build"":6,""coverage"":12,""layout"":0,""paint"":7,""semanticDiff"":4,""semanticEncode"":5,""semanticTree"":28,""semantics"":52}",,,,,,,
board-16-keyed-false,all-labels,500,269,469,500,structured,1359462507,2,candidate,core,"[""500"",""structured""]","{""build"":15,""coverage"":26,""layout"":0,""paint"":7,""semanticDiff"":5,""semanticEncode"":71,""semanticTree"":31,""semantics"":136}",,,,,,,
board-16-keyed-false,reverse,500,283,956,500,structured,1359462507,2,candidate,core,"[""500"",""structured""]","{""build"":17,""coverage"":26,""layout"":1,""paint"":8,""semanticDiff"":6,""semanticEncode"":73,""semanticTree"":32,""semantics"":141}",,,,,,,
board-16-keyed-false,replace-subtree,500,425,3093,500,structured,1359462507,2,candidate,core,"[""500"",""structured""]","{""build"":47,""coverage"":27,""layout"":2,""paint"":9,""semanticDiff"":6,""semanticEncode"":119,""semanticTree"":39,""semantics"":202}",,,,,,,
board-16-keyed-true,one-label,500,106,197,500,structured,1359462507,2,candidate,core,"[""500"",""structured""]","{""build"":21,""coverage"":13,""layout"":0,""paint"":7,""semanticDiff"":4,""semanticEncode"":5,""semanticTree"":26,""semantics"":50}",,,,,,,
board-16-keyed-true,all-labels,500,259,367,500,structured,1359462507,2,candidate,core,"[""500"",""structured""]","{""build"":29,""coverage"":25,""layout"":0,""paint"":7,""semanticDiff"":5,""semanticEncode"":59,""semanticTree"":26,""semantics"":117}",,,,,,,
board-16-keyed-true,reverse,500,262,343,500,structured,1359462507,2,candidate,core,"[""500"",""structured""]","{""build"":22,""coverage"":24,""layout"":0,""paint"":7,""semanticDiff"":5,""semanticEncode"":76,""semanticTree"":25,""semantics"":132}",,,,,,,
board-16-keyed-true,replace-subtree,500,308,455,500,structured,1359462507,2,candidate,core,"[""500"",""structured""]","{""build"":55,""coverage"":24,""layout"":1,""paint"":8,""semanticDiff"":5,""semanticEncode"":79,""semanticTree"":28,""semantics"":136}",,,,,,,
board-64-keyed-false,one-label,500,212,302,500,structured,251641503,2,candidate,core,"[""500"",""structured""]","{""build"":18,""coverage"":15,""layout"":0,""paint"":37,""semanticDiff"":17,""semanticEncode"":5,""semanticTree"":87,""semantics"":126}",,,,,,,
board-64-keyed-false,all-labels,500,732,958,500,structured,251641503,2,candidate,core,"[""500"",""structured""]","{""build"":54,""coverage"":47,""layout"":0,""paint"":38,""semanticDiff"":21,""semanticEncode"":256,""semanticTree"":96,""semantics"":422}",,,,,,,
board-64-keyed-false,reverse,500,737,934,500,structured,251641503,2,candidate,core,"[""500"",""structured""]","{""build"":55,""coverage"":47,""layout"":3,""paint"":39,""semanticDiff"":21,""semanticEncode"":256,""semanticTree"":96,""semantics"":422}",,,,,,,
board-64-keyed-false,replace-subtree,500,1079,1350,500,structured,251641503,2,candidate,core,"[""500"",""structured""]","{""build"":221,""coverage"":47,""layout"":5,""paint"":43,""semanticDiff"":21,""semanticEncode"":411,""semanticTree"":115,""semantics"":595}",,,,,,,
board-64-keyed-true,one-label,500,259,339,500,structured,251641503,2,candidate,core,"[""500"",""structured""]","{""build"":77,""coverage"":15,""layout"":0,""paint"":37,""semanticDiff"":17,""semanticEncode"":5,""semanticTree"":77,""semantics"":115}",,,,,,,
board-64-keyed-true,all-labels,500,732,953,500,structured,251641503,2,candidate,core,"[""500"",""structured""]","{""build"":112,""coverage"":46,""layout"":0,""paint"":38,""semanticDiff"":20,""semanticEncode"":210,""semanticTree"":81,""semantics"":361}",,,,,,,
board-64-keyed-true,reverse,500,753,952,500,structured,251641503,2,candidate,core,"[""500"",""structured""]","{""build"":85,""coverage"":46,""layout"":2,""paint"":38,""semanticDiff"":21,""semanticEncode"":258,""semanticTree"":81,""semantics"":408}",,,,,,,
board-64-keyed-true,replace-subtree,500,1008,1390,500,structured,251641503,2,candidate,core,"[""500"",""structured""]","{""build"":286,""coverage"":46,""layout"":5,""paint"":43,""semanticDiff"":20,""semanticEncode"":298,""semanticTree"":98,""semantics"":464}",,,,,,,
board-256-keyed-false,one-label,500,677,849,500,structured,251641503,2,candidate,core,"[""500"",""structured""]","{""build"":72,""coverage"":24,""layout"":0,""paint"":130,""semanticDiff"":69,""semanticEncode"":5,""semanticTree"":337,""semantics"":439}",,,,,,,
board-256-keyed-false,all-labels,500,2259,2576,500,structured,251641503,2,candidate,core,"[""500"",""structured""]","{""build"":239,""coverage"":58,""layout"":0,""paint"":139,""semanticDiff"":96,""semanticEncode"":1069,""semanticTree"":385,""semantics"":1643}",,,,,,,
board-256-keyed-false,reverse,500,2276,2571,500,structured,251641503,2,candidate,core,"[""500"",""structured""]","{""build"":242,""coverage"":57,""layout"":24,""paint"":141,""semanticDiff"":96,""semanticEncode"":1058,""semanticTree"":376,""semantics"":1621}",,,,,,,
board-256-keyed-false,replace-subtree,500,5008,5651,500,structured,251641503,2,candidate,core,"[""500"",""structured""]","{""build"":2115,""coverage"":58,""layout"":25,""paint"":151,""semanticDiff"":99,""semanticEncode"":1832,""semanticTree"":464,""semantics"":2459}",,,,,,,
board-256-keyed-true,one-label,500,892,1207,500,structured,251641503,2,candidate,core,"[""500"",""structured""]","{""build"":311,""coverage"":25,""layout"":0,""paint"":131,""semanticDiff"":72,""semanticEncode"":6,""semanticTree"":305,""semantics"":412}",,,,,,,
board-256-keyed-true,all-labels,500,2213,2676,500,structured,251641503,2,candidate,core,"[""500"",""structured""]","{""build"":469,""coverage"":58,""layout"":0,""paint"":140,""semanticDiff"":93,""semanticEncode"":837,""semanticTree"":336,""semantics"":1359}",,,,,,,
board-256-keyed-true,reverse,500,1682,2114,500,structured,251641503,2,candidate,core,"[""500"",""structured""]","{""build"":352,""coverage"":58,""layout"":9,""paint"":138,""semanticDiff"":79,""semanticEncode"":458,""semanticTree"":320,""semantics"":926}",,,,,,,
board-256-keyed-true,replace-subtree,500,4593,5473,500,structured,251641503,2,candidate,core,"[""500"",""structured""]","{""build"":2310,""coverage"":57,""layout"":25,""paint"":151,""semanticDiff"":98,""semanticEncode"":1257,""semanticTree"":397,""semantics"":1821}",,,,,,,
board-16-keyed-false,one-label,500,89,154,500,structured,1359462507,2,base,core,"[""500"",""structured""]","{""build"":5,""coverage"":12,""layout"":0,""paint"":6,""semanticDiff"":4,""semanticEncode"":5,""semanticTree"":27,""semantics"":50}",,,,,,,
board-16-keyed-false,all-labels,500,251,349,500,structured,1359462507,2,base,core,"[""500"",""structured""]","{""build"":14,""coverage"":24,""layout"":0,""paint"":7,""semanticDiff"":5,""semanticEncode"":67,""semanticTree"":29,""semantics"":127}",,,,,,,
board-16-keyed-false,reverse,500,257,355,500,structured,1359462507,2,base,core,"[""500"",""structured""]","{""build"":15,""coverage"":24,""layout"":1,""paint"":7,""semanticDiff"":5,""semanticEncode"":67,""semanticTree"":29,""semantics"":129}",,,,,,,
board-16-keyed-false,replace-subtree,500,338,455,500,structured,1359462507,2,base,core,"[""500"",""structured""]","{""build"":46,""coverage"":24,""layout"":1,""paint"":8,""semanticDiff"":5,""semanticEncode"":105,""semanticTree"":32,""semantics"":169}",,,,,,,
board-16-keyed-true,one-label,500,100,125,500,structured,1359462507,2,base,core,"[""500"",""structured""]","{""build"":20,""coverage"":12,""layout"":0,""paint"":6,""semanticDiff"":4,""semanticEncode"":4,""semanticTree"":25,""semantics"":47}",,,,,,,
board-16-keyed-true,all-labels,500,246,316,500,structured,1359462507,2,base,core,"[""500"",""structured""]","{""build"":28,""coverage"":24,""layout"":0,""paint"":7,""semanticDiff"":5,""semanticEncode"":56,""semanticTree"":26,""semantics"":112}",,,,,,,
board-16-keyed-true,reverse,500,265,352,500,structured,1359462507,2,base,core,"[""500"",""structured""]","{""build"":22,""coverage"":24,""layout"":0,""paint"":7,""semanticDiff"":5,""semanticEncode"":76,""semanticTree"":26,""semantics"":134}",,,,,,,
board-16-keyed-true,replace-subtree,500,313,418,500,structured,1359462507,2,base,core,"[""500"",""structured""]","{""build"":58,""coverage"":24,""layout"":1,""paint"":8,""semanticDiff"":5,""semanticEncode"":79,""semanticTree"":28,""semantics"":137}",,,,,,,
board-64-keyed-false,one-label,500,217,285,500,structured,251641503,2,base,core,"[""500"",""structured""]","{""build"":19,""coverage"":15,""layout"":0,""paint"":37,""semanticDiff"":17,""semanticEncode"":5,""semanticTree"":90,""semantics"":130}",,,,,,,
board-64-keyed-false,all-labels,500,729,917,500,structured,251641503,2,base,core,"[""500"",""structured""]","{""build"":55,""coverage"":46,""layout"":0,""paint"":38,""semanticDiff"":21,""semanticEncode"":254,""semanticTree"":97,""semantics"":420}",,,,,,,
board-64-keyed-false,reverse,500,738,960,500,structured,251641503,2,base,core,"[""500"",""structured""]","{""build"":55,""coverage"":46,""layout"":3,""paint"":39,""semanticDiff"":21,""semanticEncode"":254,""semanticTree"":97,""semantics"":421}",,,,,,,
board-64-keyed-false,replace-subtree,500,1084,1422,500,structured,251641503,2,base,core,"[""500"",""structured""]","{""build"":239,""coverage"":46,""layout"":5,""paint"":43,""semanticDiff"":21,""semanticEncode"":404,""semanticTree"":116,""semantics"":588}",,,,,,,
board-64-keyed-true,one-label,500,265,378,500,structured,251641503,2,base,core,"[""500"",""structured""]","{""build"":78,""coverage"":15,""layout"":0,""paint"":37,""semanticDiff"":17,""semanticEncode"":5,""semanticTree"":79,""semantics"":118}",,,,,,,
board-64-keyed-true,all-labels,500,729,935,500,structured,251641503,2,base,core,"[""500"",""structured""]","{""build"":113,""coverage"":46,""layout"":0,""paint"":38,""semanticDiff"":20,""semanticEncode"":209,""semanticTree"":82,""semantics"":360}",,,,,,,
board-64-keyed-true,reverse,500,761,997,500,structured,251641503,2,base,core,"[""500"",""structured""]","{""build"":85,""coverage"":46,""layout"":2,""paint"":39,""semanticDiff"":22,""semanticEncode"":259,""semanticTree"":83,""semantics"":412}",,,,,,,
board-64-keyed-true,replace-subtree,500,1033,1350,500,structured,251641503,2,base,core,"[""500"",""structured""]","{""build"":300,""coverage"":46,""layout"":5,""paint"":43,""semanticDiff"":21,""semanticEncode"":298,""semanticTree"":101,""semantics"":468}",,,,,,,
board-256-keyed-false,one-label,500,676,839,500,structured,251641503,2,base,core,"[""500"",""structured""]","{""build"":72,""coverage"":24,""layout"":0,""paint"":128,""semanticDiff"":68,""semanticEncode"":5,""semanticTree"":341,""semantics"":440}",,,,,,,
board-256-keyed-false,all-labels,500,2229,2566,500,structured,251641503,2,base,core,"[""500"",""structured""]","{""build"":231,""coverage"":57,""layout"":0,""paint"":137,""semanticDiff"":93,""semanticEncode"":1053,""semanticTree"":381,""semantics"":1613}",,,,,,,
board-256-keyed-false,reverse,500,2302,2692,500,structured,251641503,2,base,core,"[""500"",""structured""]","{""build"":239,""coverage"":58,""layout"":24,""paint"":142,""semanticDiff"":95,""semanticEncode"":1069,""semanticTree"":387,""semantics"":1635}",,,,,,,
board-256-keyed-false,replace-subtree,500,5175,5850,500,structured,251641503,2,base,core,"[""500"",""structured""]","{""build"":2186,""coverage"":59,""layout"":28,""paint"":155,""semanticDiff"":100,""semanticEncode"":1844,""semanticTree"":465,""semantics"":2480}",,,,,,,
board-256-keyed-true,one-label,500,892,1215,500,structured,251641503,2,base,core,"[""500"",""structured""]","{""build"":309,""coverage"":26,""layout"":0,""paint"":129,""semanticDiff"":71,""semanticEncode"":5,""semanticTree"":306,""semantics"":414}",,,,,,,
board-256-keyed-true,all-labels,500,2279,4081,500,structured,251641503,2,base,core,"[""500"",""structured""]","{""build"":489,""coverage"":60,""layout"":0,""paint"":142,""semanticDiff"":96,""semanticEncode"":860,""semanticTree"":354,""semantics"":1398}",,,,,,,
board-256-keyed-true,reverse,500,1676,2206,500,structured,251641503,2,base,core,"[""500"",""structured""]","{""build"":352,""coverage"":58,""layout"":10,""paint"":139,""semanticDiff"":81,""semanticEncode"":456,""semanticTree"":318,""semantics"":923}",,,,,,,
board-256-keyed-true,replace-subtree,500,4935,6602,500,structured,251641503,2,base,core,"[""500"",""structured""]","{""build"":2474,""coverage"":61,""layout"":35,""paint"":164,""semanticDiff"":110,""semanticEncode"":1313,""semanticTree"":409,""semantics"":1909}",,,,,,,
,ignored-key,1000,619,773,,,1009535925,2,candidate,input,"[""1000""]",,dashboard,876,0,0,0,378,0
,pointer-idle,1000,627,792,,,1009535925,2,candidate,input,"[""1000""]",,dashboard,907,0,0,0,378,0
,tab,1000,658,872,,,1009535925,2,candidate,input,"[""1000""]",,dashboard,1408,0,0,0,378,0
,ignored-key,1000,293,450,,,1443703781,2,candidate,input,"[""1000""]",,files,743,0,0,0,179,0
,pointer-idle,1000,279,376,,,1443703781,2,candidate,input,"[""1000""]",,files,431,0,0,0,179,0
,tab,1000,282,381,,,1443703781,2,candidate,input,"[""1000""]",,files,460,0,0,0,179,0
,selection,1000,452,601,,,518885909,2,candidate,input,"[""1000""]",,files,704,1000,1000,1533000,179,1000
,ignored-key,1000,183,259,,,2474313173,2,candidate,input,"[""1000""]",,forms,320,1,0,0,86,0
,pointer-idle,1000,180,247,,,2474313173,2,candidate,input,"[""1000""]",,forms,340,1,0,0,86,0
,tab,1000,496,631,,,2347066757,2,candidate,input,"[""1000""]",,forms,686,1000,1000,1634000,86,1000
,typing,1000,445,575,,,2461209369,2,candidate,input,"[""1000""]",,forms,675,1002,1000,844500,86,1000
,ignored-key,1000,621,791,,,1009535925,2,base,input,"[""1000""]",,dashboard,882,0,0,0,378,0
,pointer-idle,1000,628,780,,,1009535925,2,base,input,"[""1000""]",,dashboard,887,0,0,0,378,0
,tab,1000,628,776,,,1009535925,2,base,input,"[""1000""]",,dashboard,880,0,0,0,378,0
,ignored-key,1000,284,385,,,1443703781,2,base,input,"[""1000""]",,files,449,0,0,0,179,0
,pointer-idle,1000,281,377,,,1443703781,2,base,input,"[""1000""]",,files,465,0,0,0,179,0
,tab,1000,282,394,,,1443703781,2,base,input,"[""1000""]",,files,487,0,0,0,179,0
,selection,1000,452,622,,,518885909,2,base,input,"[""1000""]",,files,740,1000,1000,1533000,179,1000
,ignored-key,1000,184,259,,,2474313173,2,base,input,"[""1000""]",,forms,366,1,0,0,86,0
,pointer-idle,1000,181,255,,,2474313173,2,base,input,"[""1000""]",,forms,325,1,0,0,86,0
,tab,1000,493,650,,,2347066757,2,base,input,"[""1000""]",,forms,728,1000,1000,1634000,86,1000
,typing,1000,441,570,,,2461209369,2,base,input,"[""1000""]",,forms,661,1002,1000,843500,86,1000
dashboard,mount-first-frame,500,688,882,500,terminal,,3,base,core,"[""500""]",,,,,,,,
agent,mount-first-frame,500,179,259,500,terminal,,3,base,core,"[""500""]",,,,,,,,
files,mount-first-frame,500,380,545,500,terminal,,3,base,core,"[""500""]",,,,,,,,
editor,mount-first-frame,500,180,281,500,terminal,,3,base,core,"[""500""]",,,,,,,,
finance,mount-first-frame,500,23728,25017,500,terminal,,3,base,core,"[""500""]",,,,,,,,
board-16-keyed-false,one-label,500,31,34,500,terminal,1359462507,3,base,core,"[""500""]","{""build"":5,""coverage"":0,""layout"":0,""paint"":6,""semanticDiff"":0,""semanticEncode"":0,""semanticTree"":0,""semantics"":0}",,,,,,,
board-16-keyed-false,all-labels,500,41,53,500,terminal,1359462507,3,base,core,"[""500""]","{""build"":14,""coverage"":0,""layout"":0,""paint"":7,""semanticDiff"":0,""semanticEncode"":0,""semanticTree"":0,""semantics"":0}",,,,,,,
board-16-keyed-false,reverse,500,43,56,500,terminal,1359462507,3,base,core,"[""500""]","{""build"":14,""coverage"":0,""layout"":1,""paint"":7,""semanticDiff"":0,""semanticEncode"":0,""semanticTree"":0,""semantics"":0}",,,,,,,
board-16-keyed-false,replace-subtree,500,88,113,500,terminal,1359462507,3,base,core,"[""500""]","{""build"":45,""coverage"":0,""layout"":1,""paint"":8,""semanticDiff"":0,""semanticEncode"":0,""semanticTree"":0,""semantics"":0}",,,,,,,
board-16-keyed-true,one-label,500,47,59,500,terminal,1359462507,3,base,core,"[""500""]","{""build"":20,""coverage"":0,""layout"":0,""paint"":6,""semanticDiff"":0,""semanticEncode"":0,""semanticTree"":0,""semantics"":0}",,,,,,,
board-16-keyed-true,all-labels,500,55,70,500,terminal,1359462507,3,base,core,"[""500""]","{""build"":28,""coverage"":0,""layout"":0,""paint"":7,""semanticDiff"":0,""semanticEncode"":0,""semanticTree"":0,""semantics"":0}",,,,,,,
board-16-keyed-true,reverse,500,49,63,500,terminal,1359462507,3,base,core,"[""500""]","{""build"":21,""coverage"":0,""layout"":0,""paint"":7,""semanticDiff"":0,""semanticEncode"":0,""semanticTree"":0,""semantics"":0}",,,,,,,
board-16-keyed-true,replace-subtree,500,103,127,500,terminal,1359462507,3,base,core,"[""500""]","{""build"":60,""coverage"":0,""layout"":1,""paint"":8,""semanticDiff"":0,""semanticEncode"":0,""semanticTree"":0,""semantics"":0}",,,,,,,
board-64-keyed-false,one-label,500,79,103,500,terminal,251641503,3,base,core,"[""500""]","{""build"":19,""coverage"":0,""layout"":0,""paint"":37,""semanticDiff"":0,""semanticEncode"":0,""semanticTree"":0,""semantics"":0}",,,,,,,
board-64-keyed-false,all-labels,500,119,151,500,terminal,251641503,3,base,core,"[""500""]","{""build"":56,""coverage"":0,""layout"":0,""paint"":39,""semanticDiff"":0,""semanticEncode"":0,""semanticTree"":0,""semantics"":0}",,,,,,,
board-64-keyed-false,reverse,500,127,161,500,terminal,251641503,3,base,core,"[""500""]","{""build"":58,""coverage"":0,""layout"":3,""paint"":40,""semanticDiff"":0,""semanticEncode"":0,""semanticTree"":0,""semantics"":0}",,,,,,,
board-64-keyed-false,replace-subtree,500,323,542,500,terminal,251641503,3,base,core,"[""500""]","{""build"":249,""coverage"":0,""layout"":5,""paint"":44,""semanticDiff"":0,""semanticEncode"":0,""semanticTree"":0,""semantics"":0}",,,,,,,
board-64-keyed-true,one-label,500,141,179,500,terminal,251641503,3,base,core,"[""500""]","{""build"":80,""coverage"":0,""layout"":0,""paint"":37,""semanticDiff"":0,""semanticEncode"":0,""semanticTree"":0,""semantics"":0}",,,,,,,
board-64-keyed-true,all-labels,500,177,234,500,terminal,251641503,3,base,core,"[""500""]","{""build"":114,""coverage"":0,""layout"":0,""paint"":38,""semanticDiff"":0,""semanticEncode"":0,""semanticTree"":0,""semantics"":0}",,,,,,,
board-64-keyed-true,reverse,500,154,239,500,terminal,251641503,3,base,core,"[""500""]","{""build"":86,""coverage"":0,""layout"":2,""paint"":39,""semanticDiff"":0,""semanticEncode"":0,""semanticTree"":0,""semantics"":0}",,,,,,,
board-64-keyed-true,replace-subtree,500,381,594,500,terminal,251641503,3,base,core,"[""500""]","{""build"":308,""coverage"":0,""layout"":5,""paint"":43,""semanticDiff"":0,""semanticEncode"":0,""semanticTree"":0,""semantics"":0}",,,,,,,
board-256-keyed-false,one-label,500,229,298,500,terminal,251641503,3,base,core,"[""500""]","{""build"":73,""coverage"":0,""layout"":0,""paint"":130,""semanticDiff"":0,""semanticEncode"":0,""semanticTree"":0,""semantics"":0}",,,,,,,
board-256-keyed-false,all-labels,500,385,492,500,terminal,251641503,3,base,core,"[""500""]","{""build"":222,""coverage"":0,""layout"":0,""paint"":136,""semanticDiff"":0,""semanticEncode"":0,""semanticTree"":0,""semantics"":0}",,,,,,,
board-256-keyed-false,reverse,500,429,547,500,terminal,251641503,3,base,core,"[""500""]","{""build"":229,""coverage"":0,""layout"":25,""paint"":140,""semanticDiff"":0,""semanticEncode"":0,""semanticTree"":0,""semantics"":0}",,,,,,,
board-256-keyed-false,replace-subtree,500,2348,3048,500,terminal,251641503,3,base,core,"[""500""]","{""build"":2120,""coverage"":0,""layout"":26,""paint"":153,""semanticDiff"":0,""semanticEncode"":0,""semanticTree"":0,""semantics"":0}",,,,,,,
board-256-keyed-true,one-label,500,475,700,500,terminal,251641503,3,base,core,"[""500""]","{""build"":316,""coverage"":0,""layout"":0,""paint"":130,""semanticDiff"":0,""semanticEncode"":0,""semanticTree"":0,""semantics"":0}",,,,,,,
board-256-keyed-true,all-labels,500,623,937,500,terminal,251641503,3,base,core,"[""500""]","{""build"":461,""coverage"":0,""layout"":0,""paint"":135,""semanticDiff"":0,""semanticEncode"":0,""semanticTree"":0,""semantics"":0}",,,,,,,
board-256-keyed-true,reverse,500,533,816,500,terminal,251641503,3,base,core,"[""500""]","{""build"":351,""coverage"":0,""layout"":8,""paint"":134,""semanticDiff"":0,""semanticEncode"":0,""semanticTree"":0,""semantics"":0}",,,,,,,
board-256-keyed-true,replace-subtree,500,2650,3537,500,terminal,251641503,3,base,core,"[""500""]","{""build"":2399,""coverage"":0,""layout"":28,""paint"":156,""semanticDiff"":0,""semanticEncode"":0,""semanticTree"":0,""semantics"":0}",,,,,,,
dashboard,mount-first-frame,500,664,905,500,terminal,,3,candidate,core,"[""500""]",,,,,,,,
agent,mount-first-frame,500,170,235,500,terminal,,3,candidate,core,"[""500""]",,,,,,,,
files,mount-first-frame,500,360,548,500,terminal,,3,candidate,core,"[""500""]",,,,,,,,
editor,mount-first-frame,500,180,267,500,terminal,,3,candidate,core,"[""500""]",,,,,,,,
finance,mount-first-frame,500,23708,24559,500,terminal,,3,candidate,core,"[""500""]",,,,,,,,
board-16-keyed-false,one-label,500,32,45,500,terminal,1359462507,3,candidate,core,"[""500""]","{""build"":6,""coverage"":0,""layout"":0,""paint"":7,""semanticDiff"":0,""semanticEncode"":0,""semanticTree"":0,""semantics"":0}",,,,,,,
board-16-keyed-false,all-labels,500,40,48,500,terminal,1359462507,3,candidate,core,"[""500""]","{""build"":14,""coverage"":0,""layout"":0,""paint"":7,""semanticDiff"":0,""semanticEncode"":0,""semanticTree"":0,""semantics"":0}",,,,,,,
board-16-keyed-false,reverse,500,43,54,500,terminal,1359462507,3,candidate,core,"[""500""]","{""build"":14,""coverage"":0,""layout"":1,""paint"":7,""semanticDiff"":0,""semanticEncode"":0,""semanticTree"":0,""semantics"":0}",,,,,,,
board-16-keyed-false,replace-subtree,500,82,106,500,terminal,1359462507,3,candidate,core,"[""500""]","{""build"":40,""coverage"":0,""layout"":1,""paint"":8,""semanticDiff"":0,""semanticEncode"":0,""semanticTree"":0,""semantics"":0}",,,,,,,
board-16-keyed-true,one-label,500,46,60,500,terminal,1359462507,3,candidate,core,"[""500""]","{""build"":19,""coverage"":0,""layout"":0,""paint"":6,""semanticDiff"":0,""semanticEncode"":0,""semanticTree"":0,""semantics"":0}",,,,,,,
board-16-keyed-true,all-labels,500,54,71,500,terminal,1359462507,3,candidate,core,"[""500""]","{""build"":27,""coverage"":0,""layout"":0,""paint"":7,""semanticDiff"":0,""semanticEncode"":0,""semanticTree"":0,""semantics"":0}",,,,,,,
board-16-keyed-true,reverse,500,50,63,500,terminal,1359462507,3,candidate,core,"[""500""]","{""build"":21,""coverage"":0,""layout"":0,""paint"":7,""semanticDiff"":0,""semanticEncode"":0,""semanticTree"":0,""semantics"":0}",,,,,,,
board-16-keyed-true,replace-subtree,500,97,128,500,terminal,1359462507,3,candidate,core,"[""500""]","{""build"":54,""coverage"":0,""layout"":1,""paint"":8,""semanticDiff"":0,""semanticEncode"":0,""semanticTree"":0,""semantics"":0}",,,,,,,
board-64-keyed-false,one-label,500,78,100,500,terminal,251641503,3,candidate,core,"[""500""]","{""build"":18,""coverage"":0,""layout"":0,""paint"":37,""semanticDiff"":0,""semanticEncode"":0,""semanticTree"":0,""semantics"":0}",,,,,,,
board-64-keyed-false,all-labels,500,118,158,500,terminal,251641503,3,candidate,core,"[""500""]","{""build"":54,""coverage"":0,""layout"":0,""paint"":38,""semanticDiff"":0,""semanticEncode"":0,""semanticTree"":0,""semantics"":0}",,,,,,,
board-64-keyed-false,reverse,500,122,156,500,terminal,251641503,3,candidate,core,"[""500""]","{""build"":54,""coverage"":0,""layout"":3,""paint"":39,""semanticDiff"":0,""semanticEncode"":0,""semanticTree"":0,""semantics"":0}",,,,,,,
board-64-keyed-false,replace-subtree,500,298,472,500,terminal,251641503,3,candidate,core,"[""500""]","{""build"":226,""coverage"":0,""layout"":5,""paint"":43,""semanticDiff"":0,""semanticEncode"":0,""semanticTree"":0,""semantics"":0}",,,,,,,
board-64-keyed-true,one-label,500,136,158,500,terminal,251641503,3,candidate,core,"[""500""]","{""build"":75,""coverage"":0,""layout"":0,""paint"":37,""semanticDiff"":0,""semanticEncode"":0,""semanticTree"":0,""semantics"":0}",,,,,,,
board-64-keyed-true,all-labels,500,178,216,500,terminal,251641503,3,candidate,core,"[""500""]","{""build"":113,""coverage"":0,""layout"":0,""paint"":38,""semanticDiff"":0,""semanticEncode"":0,""semanticTree"":0,""semantics"":0}",,,,,,,
board-64-keyed-true,reverse,500,155,260,500,terminal,251641503,3,candidate,core,"[""500""]","{""build"":86,""coverage"":0,""layout"":2,""paint"":39,""semanticDiff"":0,""semanticEncode"":0,""semanticTree"":0,""semantics"":0}",,,,,,,
board-64-keyed-true,replace-subtree,500,357,496,500,terminal,251641503,3,candidate,core,"[""500""]","{""build"":282,""coverage"":0,""layout"":5,""paint"":43,""semanticDiff"":0,""semanticEncode"":0,""semanticTree"":0,""semantics"":0}",,,,,,,
board-256-keyed-false,one-label,500,221,294,500,terminal,251641503,3,candidate,core,"[""500""]","{""build"":68,""coverage"":0,""layout"":0,""paint"":128,""semanticDiff"":0,""semanticEncode"":0,""semanticTree"":0,""semantics"":0}",,,,,,,
board-256-keyed-false,all-labels,500,377,459,500,terminal,251641503,3,candidate,core,"[""500""]","{""build"":214,""coverage"":0,""layout"":0,""paint"":135,""semanticDiff"":0,""semanticEncode"":0,""semanticTree"":0,""semantics"":0}",,,,,,,
board-256-keyed-false,reverse,500,425,534,500,terminal,251641503,3,candidate,core,"[""500""]","{""build"":223,""coverage"":0,""layout"":23,""paint"":139,""semanticDiff"":0,""semanticEncode"":0,""semanticTree"":0,""semantics"":0}",,,,,,,
board-256-keyed-false,replace-subtree,500,2258,2931,500,terminal,251641503,3,candidate,core,"[""500""]","{""build"":2031,""coverage"":0,""layout"":26,""paint"":151,""semanticDiff"":0,""semanticEncode"":0,""semanticTree"":0,""semantics"":0}",,,,,,,
board-256-keyed-true,one-label,500,475,737,500,terminal,251641503,3,candidate,core,"[""500""]","{""build"":312,""coverage"":0,""layout"":0,""paint"":134,""semanticDiff"":0,""semanticEncode"":0,""semanticTree"":0,""semantics"":0}",,,,,,,
board-256-keyed-true,all-labels,500,624,873,500,terminal,251641503,3,candidate,core,"[""500""]","{""build"":455,""coverage"":0,""layout"":0,""paint"":139,""semanticDiff"":0,""semanticEncode"":0,""semanticTree"":0,""semantics"":0}",,,,,,,
board-256-keyed-true,reverse,500,536,770,500,terminal,251641503,3,candidate,core,"[""500""]","{""build"":349,""coverage"":0,""layout"":9,""paint"":139,""semanticDiff"":0,""semanticEncode"":0,""semanticTree"":0,""semantics"":0}",,,,,,,
board-256-keyed-true,replace-subtree,500,2520,3237,500,terminal,251641503,3,candidate,core,"[""500""]","{""build"":2298,""coverage"":0,""layout"":28,""paint"":152,""semanticDiff"":0,""semanticEncode"":0,""semanticTree"":0,""semantics"":0}",,,,,,,
board-16-keyed-false,one-label,500,90,149,500,structured,1359462507,3,base,core,"[""500"",""structured""]","{""build"":5,""coverage"":12,""layout"":0,""paint"":6,""semanticDiff"":4,""semanticEncode"":5,""semanticTree"":27,""semantics"":50}",,,,,,,
board-16-keyed-false,all-labels,500,256,359,500,structured,1359462507,3,base,core,"[""500"",""structured""]","{""build"":14,""coverage"":24,""layout"":0,""paint"":7,""semanticDiff"":5,""semanticEncode"":67,""semanticTree"":29,""semantics"":128}",,,,,,,
board-16-keyed-false,reverse,500,260,367,500,structured,1359462507,3,base,core,"[""500"",""structured""]","{""build"":15,""coverage"":24,""layout"":1,""paint"":7,""semanticDiff"":5,""semanticEncode"":68,""semanticTree"":29,""semantics"":130}",,,,,,,
board-16-keyed-false,replace-subtree,500,345,455,500,structured,1359462507,3,base,core,"[""500"",""structured""]","{""build"":46,""coverage"":24,""layout"":1,""paint"":8,""semanticDiff"":5,""semanticEncode"":105,""semanticTree"":32,""semantics"":170}",,,,,,,
board-16-keyed-true,one-label,500,99,134,500,structured,1359462507,3,base,core,"[""500"",""structured""]","{""build"":19,""coverage"":12,""layout"":0,""paint"":6,""semanticDiff"":4,""semanticEncode"":4,""semanticTree"":24,""semantics"":47}",,,,,,,
board-16-keyed-true,all-labels,500,255,336,500,structured,1359462507,3,base,core,"[""500"",""structured""]","{""build"":28,""coverage"":24,""layout"":0,""paint"":7,""semanticDiff"":5,""semanticEncode"":57,""semanticTree"":26,""semantics"":115}",,,,,,,
board-16-keyed-true,reverse,500,268,342,500,structured,1359462507,3,base,core,"[""500"",""structured""]","{""build"":21,""coverage"":24,""layout"":0,""paint"":7,""semanticDiff"":5,""semanticEncode"":76,""semanticTree"":26,""semantics"":134}",,,,,,,
board-16-keyed-true,replace-subtree,500,320,426,500,structured,1359462507,3,base,core,"[""500"",""structured""]","{""build"":59,""coverage"":24,""layout"":1,""paint"":8,""semanticDiff"":5,""semanticEncode"":78,""semanticTree"":28,""semantics"":138}",,,,,,,
board-64-keyed-false,one-label,500,218,310,500,structured,251641503,3,base,core,"[""500"",""structured""]","{""build"":19,""coverage"":15,""layout"":0,""paint"":37,""semanticDiff"":17,""semanticEncode"":5,""semanticTree"":90,""semantics"":129}",,,,,,,
board-64-keyed-false,all-labels,500,762,949,500,structured,251641503,3,base,core,"[""500"",""structured""]","{""build"":56,""coverage"":47,""layout"":0,""paint"":39,""semanticDiff"":21,""semanticEncode"":263,""semanticTree"":98,""semantics"":437}",,,,,,,
board-64-keyed-false,reverse,500,761,976,500,structured,251641503,3,base,core,"[""500"",""structured""]","{""build"":56,""coverage"":46,""layout"":3,""paint"":39,""semanticDiff"":21,""semanticEncode"":261,""semanticTree"":98,""semantics"":434}",,,,,,,
board-64-keyed-false,replace-subtree,500,1137,1400,500,structured,251641503,3,base,core,"[""500"",""structured""]","{""build"":248,""coverage"":47,""layout"":5,""paint"":44,""semanticDiff"":21,""semanticEncode"":420,""semanticTree"":118,""semantics"":608}",,,,,,,
board-64-keyed-true,one-label,500,265,366,500,structured,251641503,3,base,core,"[""500"",""structured""]","{""build"":77,""coverage"":15,""layout"":0,""paint"":37,""semanticDiff"":17,""semanticEncode"":5,""semanticTree"":79,""semantics"":117}",,,,,,,
board-64-keyed-true,all-labels,500,755,993,500,structured,251641503,3,base,core,"[""500"",""structured""]","{""build"":115,""coverage"":47,""layout"":0,""paint"":39,""semanticDiff"":20,""semanticEncode"":214,""semanticTree"":84,""semantics"":372}",,,,,,,
board-64-keyed-true,reverse,500,776,981,500,structured,251641503,3,base,core,"[""500"",""structured""]","{""build"":87,""coverage"":47,""layout"":2,""paint"":39,""semanticDiff"":22,""semanticEncode"":264,""semanticTree"":83,""semantics"":420}",,,,,,,
board-64-keyed-true,replace-subtree,500,1075,1362,500,structured,251641503,3,base,core,"[""500"",""structured""]","{""build"":313,""coverage"":47,""layout"":5,""paint"":44,""semanticDiff"":21,""semanticEncode"":307,""semanticTree"":100,""semantics"":480}",,,,,,,
board-256-keyed-false,one-label,500,692,840,500,structured,251641503,3,base,core,"[""500"",""structured""]","{""build"":72,""coverage"":24,""layout"":0,""paint"":132,""semanticDiff"":70,""semanticEncode"":6,""semanticTree"":344,""semantics"":448}",,,,,,,
board-256-keyed-false,all-labels,500,2291,2553,500,structured,251641503,3,base,core,"[""500"",""structured""]","{""build"":240,""coverage"":59,""layout"":0,""paint"":140,""semanticDiff"":97,""semanticEncode"":1081,""semanticTree"":393,""semantics"":1660}",,,,,,,
board-256-keyed-false,reverse,500,2338,2604,500,structured,251641503,3,base,core,"[""500"",""structured""]","{""build"":244,""coverage"":58,""layout"":25,""paint"":144,""semanticDiff"":98,""semanticEncode"":1081,""semanticTree"":391,""semantics"":1656}",,,,,,,
board-256-keyed-false,replace-subtree,500,5260,5870,500,structured,251641503,3,base,core,"[""500"",""structured""]","{""build"":2244,""coverage"":60,""layout"":30,""paint"":160,""semanticDiff"":107,""semanticEncode"":1872,""semanticTree"":467,""semantics"":2521}",,,,,,,
board-256-keyed-true,one-label,500,916,1255,500,structured,251641503,3,base,core,"[""500"",""structured""]","{""build"":317,""coverage"":26,""layout"":0,""paint"":134,""semanticDiff"":71,""semanticEncode"":5,""semanticTree"":314,""semantics"":420}",,,,,,,
board-256-keyed-true,all-labels,500,2226,2772,500,structured,251641503,3,base,core,"[""500"",""structured""]","{""build"":478,""coverage"":59,""layout"":0,""paint"":141,""semanticDiff"":92,""semanticEncode"":842,""semanticTree"":339,""semantics"":1362}",,,,,,,
board-256-keyed-true,reverse,500,1709,2213,500,structured,251641503,3,base,core,"[""500"",""structured""]","{""build"":361,""coverage"":58,""layout"":9,""paint"":141,""semanticDiff"":80,""semanticEncode"":460,""semanticTree"":322,""semantics"":936}",,,,,,,
board-256-keyed-true,replace-subtree,500,4860,5747,500,structured,251641503,3,base,core,"[""500"",""structured""]","{""build"":2492,""coverage"":58,""layout"":29,""paint"":159,""semanticDiff"":102,""semanticEncode"":1288,""semanticTree"":404,""semantics"":1865}",,,,,,,
board-16-keyed-false,one-label,500,96,154,500,structured,1359462507,3,candidate,core,"[""500"",""structured""]","{""build"":6,""coverage"":13,""layout"":0,""paint"":7,""semanticDiff"":4,""semanticEncode"":5,""semanticTree"":30,""semantics"":54}",,,,,,,
board-16-keyed-false,all-labels,500,256,347,500,structured,1359462507,3,candidate,core,"[""500"",""structured""]","{""build"":14,""coverage"":24,""layout"":0,""paint"":7,""semanticDiff"":5,""semanticEncode"":67,""semanticTree"":30,""semantics"":130}",,,,,,,
board-16-keyed-false,reverse,500,260,351,500,structured,1359462507,3,candidate,core,"[""500"",""structured""]","{""build"":15,""coverage"":24,""layout"":1,""paint"":7,""semanticDiff"":5,""semanticEncode"":68,""semanticTree"":29,""semantics"":130}",,,,,,,
board-16-keyed-false,replace-subtree,500,346,454,500,structured,1359462507,3,candidate,core,"[""500"",""structured""]","{""build"":42,""coverage"":24,""layout"":1,""paint"":8,""semanticDiff"":5,""semanticEncode"":108,""semanticTree"":34,""semantics"":176}",,,,,,,
board-16-keyed-true,one-label,500,104,131,500,structured,1359462507,3,candidate,core,"[""500"",""structured""]","{""build"":21,""coverage"":12,""layout"":0,""paint"":6,""semanticDiff"":4,""semanticEncode"":4,""semanticTree"":25,""semantics"":48}",,,,,,,
board-16-keyed-true,all-labels,500,256,315,500,structured,1359462507,3,candidate,core,"[""500"",""structured""]","{""build"":29,""coverage"":24,""layout"":0,""paint"":7,""semanticDiff"":5,""semanticEncode"":57,""semanticTree"":25,""semantics"":115}",,,,,,,
board-16-keyed-true,reverse,500,271,349,500,structured,1359462507,3,candidate,core,"[""500"",""structured""]","{""build"":22,""coverage"":24,""layout"":0,""paint"":7,""semanticDiff"":5,""semanticEncode"":77,""semanticTree"":25,""semantics"":136}",,,,,,,
board-16-keyed-true,replace-subtree,500,323,431,500,structured,1359462507,3,candidate,core,"[""500"",""structured""]","{""build"":57,""coverage"":24,""layout"":1,""paint"":8,""semanticDiff"":5,""semanticEncode"":81,""semanticTree"":28,""semantics"":142}",,,,,,,
board-64-keyed-false,one-label,500,219,302,500,structured,251641503,3,candidate,core,"[""500"",""structured""]","{""build"":18,""coverage"":15,""layout"":0,""paint"":37,""semanticDiff"":17,""semanticEncode"":5,""semanticTree"":90,""semantics"":130}",,,,,,,
board-64-keyed-false,all-labels,500,760,933,500,structured,251641503,3,candidate,core,"[""500"",""structured""]","{""build"":55,""coverage"":47,""layout"":0,""paint"":38,""semanticDiff"":21,""semanticEncode"":264,""semanticTree"":98,""semantics"":438}",,,,,,,
board-64-keyed-false,reverse,500,755,960,500,structured,251641503,3,candidate,core,"[""500"",""structured""]","{""build"":56,""coverage"":47,""layout"":3,""paint"":39,""semanticDiff"":21,""semanticEncode"":261,""semanticTree"":98,""semantics"":433}",,,,,,,
board-64-keyed-false,replace-subtree,500,1109,1430,500,structured,251641503,3,candidate,core,"[""500"",""structured""]","{""build"":232,""coverage"":47,""layout"":5,""paint"":43,""semanticDiff"":22,""semanticEncode"":421,""semanticTree"":118,""semantics"":608}",,,,,,,
board-64-keyed-true,one-label,500,269,389,500,structured,251641503,3,candidate,core,"[""500"",""structured""]","{""build"":79,""coverage"":15,""layout"":0,""paint"":38,""semanticDiff"":17,""semanticEncode"":5,""semanticTree"":79,""semantics"":119}",,,,,,,
board-64-keyed-true,all-labels,500,757,948,500,structured,251641503,3,candidate,core,"[""500"",""structured""]","{""build"":116,""coverage"":47,""layout"":0,""paint"":39,""semanticDiff"":20,""semanticEncode"":215,""semanticTree"":85,""semantics"":374}",,,,,,,
board-64-keyed-true,reverse,500,795,1004,500,structured,251641503,3,candidate,core,"[""500"",""structured""]","{""build"":88,""coverage"":47,""layout"":2,""paint"":41,""semanticDiff"":24,""semanticEncode"":271,""semanticTree"":86,""semantics"":433}",,,,,,,
board-64-keyed-true,replace-subtree,500,1051,1292,500,structured,251641503,3,candidate,core,"[""500"",""structured""]","{""build"":290,""coverage"":47,""layout"":6,""paint"":43,""semanticDiff"":21,""semanticEncode"":312,""semanticTree"":102,""semantics"":485}",,,,,,,
board-256-keyed-false,one-label,500,697,852,500,structured,251641503,3,candidate,core,"[""500"",""structured""]","{""build"":71,""coverage"":25,""layout"":0,""paint"":132,""semanticDiff"":71,""semanticEncode"":6,""semanticTree"":350,""semantics"":456}",,,,,,,
board-256-keyed-false,all-labels,500,2304,2916,500,structured,251641503,3,candidate,core,"[""500"",""structured""]","{""build"":233,""coverage"":59,""layout"":0,""paint"":140,""semanticDiff"":98,""semanticEncode"":1094,""semanticTree"":399,""semantics"":1675}",,,,,,,
board-256-keyed-false,reverse,500,2321,2688,500,structured,251641503,3,candidate,core,"[""500"",""structured""]","{""build"":237,""coverage"":58,""layout"":25,""paint"":143,""semanticDiff"":99,""semanticEncode"":1084,""semanticTree"":389,""semantics"":1656}",,,,,,,
board-256-keyed-false,replace-subtree,500,5174,6181,500,structured,251641503,3,candidate,core,"[""500"",""structured""]","{""build"":2096,""coverage"":62,""layout"":33,""paint"":161,""semanticDiff"":109,""semanticEncode"":1909,""semanticTree"":479,""semantics"":2569}",,,,,,,
board-256-keyed-true,one-label,500,894,1234,500,structured,251641503,3,candidate,core,"[""500"",""structured""]","{""build"":310,""coverage"":26,""layout"":0,""paint"":133,""semanticDiff"":72,""semanticEncode"":6,""semanticTree"":307,""semantics"":412}",,,,,,,
board-256-keyed-true,all-labels,500,2199,2701,500,structured,251641503,3,candidate,core,"[""500"",""structured""]","{""build"":465,""coverage"":58,""layout"":0,""paint"":138,""semanticDiff"":93,""semanticEncode"":836,""semanticTree"":334,""semantics"":1352}",,,,,,,
board-256-keyed-true,reverse,500,1690,2162,500,structured,251641503,3,candidate,core,"[""500"",""structured""]","{""build"":350,""coverage"":59,""layout"":10,""paint"":140,""semanticDiff"":82,""semanticEncode"":465,""semanticTree"":318,""semantics"":932}",,,,,,,
board-256-keyed-true,replace-subtree,500,4642,5464,500,structured,251641503,3,candidate,core,"[""500"",""structured""]","{""build"":2312,""coverage"":59,""layout"":27,""paint"":154,""semanticDiff"":101,""semanticEncode"":1274,""semanticTree"":399,""semantics"":1844}",,,,,,,
,ignored-key,1000,612,767,,,1009535925,3,base,input,"[""1000""]",,dashboard,892,0,0,0,378,0
,pointer-idle,1000,613,770,,,1009535925,3,base,input,"[""1000""]",,dashboard,874,0,0,0,378,0
,tab,1000,595,760,,,1009535925,3,base,input,"[""1000""]",,dashboard,869,0,0,0,378,0
,ignored-key,1000,271,389,,,1443703781,3,base,input,"[""1000""]",,files,462,0,0,0,179,0
,pointer-idle,1000,274,396,,,1443703781,3,base,input,"[""1000""]",,files,479,0,0,0,179,0
,tab,1000,294,477,,,1443703781,3,base,input,"[""1000""]",,files,1016,0,0,0,179,0
,selection,1000,430,598,,,518885909,3,base,input,"[""1000""]",,files,661,1000,1000,1533000,179,1000
,ignored-key,1000,182,271,,,2474313173,3,base,input,"[""1000""]",,forms,352,1,0,0,86,0
,pointer-idle,1000,176,256,,,2474313173,3,base,input,"[""1000""]",,forms,321,1,0,0,86,0
,tab,1000,479,643,,,2347066757,3,base,input,"[""1000""]",,forms,704,1000,1000,1634000,86,1000
,typing,1000,426,585,,,2461209369,3,base,input,"[""1000""]",,forms,693,1002,1000,844500,86,1000
,ignored-key,1000,619,761,,,1009535925,3,candidate,input,"[""1000""]",,dashboard,869,0,0,0,378,0
,pointer-idle,1000,613,748,,,1009535925,3,candidate,input,"[""1000""]",,dashboard,868,0,0,0,378,0
,tab,1000,613,770,,,1009535925,3,candidate,input,"[""1000""]",,dashboard,852,0,0,0,378,0
,ignored-key,1000,273,379,,,1443703781,3,candidate,input,"[""1000""]",,files,446,0,0,0,179,0
,pointer-idle,1000,270,374,,,1443703781,3,candidate,input,"[""1000""]",,files,445,0,0,0,179,0
,tab,1000,278,384,,,1443703781,3,candidate,input,"[""1000""]",,files,438,0,0,0,179,0
,selection,1000,444,602,,,518885909,3,candidate,input,"[""1000""]",,files,698,1000,1000,1533000,179,1000
,ignored-key,1000,180,251,,,2474313173,3,candidate,input,"[""1000""]",,forms,316,1,0,0,86,0
,pointer-idle,1000,177,245,,,2474313173,3,candidate,input,"[""1000""]",,forms,332,1,0,0,86,0
,tab,1000,482,644,,,2347066757,3,candidate,input,"[""1000""]",,forms,707,1000,1000,1634000,86,1000
,typing,1000,433,573,,,2461209369,3,candidate,input,"[""1000""]",,forms,673,1002,1000,844500,86,1000
